"","Date","Year","YearDay","Ppt_mm_Tot"
"1",2013-08-06,2013,218,0.4
"2",2013-08-07,2013,219,0.4
"3",2013-08-08,2013,220,0
"4",2013-08-09,2013,221,0
"5",2013-08-10,2013,222,0.6
"6",2013-08-11,2013,223,41.6
"7",2013-08-12,2013,224,0
"8",2013-08-13,2013,225,0
"9",2013-08-14,2013,226,0.1
"10",2013-08-15,2013,227,0
"11",2013-08-16,2013,228,0
"12",2013-08-17,2013,229,0
"13",2013-08-18,2013,230,0
"14",2013-08-19,2013,231,2
"15",2013-08-20,2013,232,0
"16",2013-08-21,2013,233,0
"17",2013-08-22,2013,234,0
"18",2013-08-23,2013,235,0.3
"19",2013-08-24,2013,236,0.6
"20",2013-08-25,2013,237,2.7
"21",2013-08-26,2013,238,0
"22",2013-08-27,2013,239,0
"23",2013-08-28,2013,240,1.3
"24",2013-08-29,2013,241,4.8
"25",2013-08-30,2013,242,0
"26",2013-08-31,2013,243,0
"27",2013-09-01,2013,244,0
"28",2013-09-02,2013,245,0
"29",2013-09-03,2013,246,0
"30",2013-09-04,2013,247,0
"31",2013-09-05,2013,248,0
"32",2013-09-06,2013,249,0
"33",2013-09-07,2013,250,0
"34",2013-09-08,2013,251,0
"35",2013-09-09,2013,252,1.1
"36",2013-09-10,2013,253,1.1
"37",2013-09-11,2013,254,0
"38",2013-09-12,2013,255,0
"39",2013-09-13,2013,256,0
"40",2013-09-14,2013,257,0
"41",2013-09-15,2013,258,0
"42",2013-09-16,2013,259,0
"43",2013-09-17,2013,260,0
"44",2013-09-18,2013,261,0
"45",2013-09-19,2013,262,0
"46",2013-09-20,2013,263,0
"47",2013-09-21,2013,264,0
"48",2013-09-22,2013,265,0
"49",2013-09-23,2013,266,0
"50",2013-09-24,2013,267,0
"51",2013-09-25,2013,268,0
"52",2013-09-26,2013,269,0
"53",2013-09-27,2013,270,0
"54",2013-09-28,2013,271,0
"55",2013-09-29,2013,272,0
"56",2013-09-30,2013,273,0
"57",2013-10-01,2013,274,0
"58",2013-10-02,2013,275,0
"59",2013-10-03,2013,276,0
"60",2013-10-04,2013,277,0
"61",2013-10-05,2013,278,0
"62",2013-10-06,2013,279,0
"63",2013-10-07,2013,280,0
"64",2013-10-08,2013,281,0
"65",2013-10-09,2013,282,0
"66",2013-10-10,2013,283,0
"67",2013-10-11,2013,284,0
"68",2013-10-12,2013,285,0
"69",2013-10-13,2013,286,0
"70",2013-10-14,2013,287,0
"71",2013-10-15,2013,288,0
"72",2013-10-16,2013,289,0
"73",2013-10-17,2013,290,0
"74",2013-10-18,2013,291,0
"75",2013-10-19,2013,292,0
"76",2013-10-20,2013,293,0
"77",2013-10-21,2013,294,0
"78",2013-10-22,2013,295,0
"79",2013-10-23,2013,296,0
"80",2013-10-24,2013,297,0
"81",2013-10-25,2013,298,0
"82",2013-10-26,2013,299,0
"83",2013-10-27,2013,300,0
"84",2013-10-28,2013,301,0
"85",2013-10-29,2013,302,0
"86",2013-10-30,2013,303,0
"87",2013-10-31,2013,304,0
"88",2013-11-01,2013,305,0
"89",2013-11-02,2013,306,0
"90",2013-11-03,2013,307,0
"91",2013-11-04,2013,308,0
"92",2013-11-05,2013,309,0
"93",2013-11-06,2013,310,0
"94",2013-11-07,2013,311,0
"95",2013-11-08,2013,312,0
"96",2013-11-09,2013,313,0
"97",2013-11-10,2013,314,0
"98",2013-11-11,2013,315,0
"99",2013-11-12,2013,316,0
"100",2013-11-13,2013,317,0
"101",2013-11-14,2013,318,0
"102",2013-11-15,2013,319,0
"103",2013-11-16,2013,320,0
"104",2013-11-17,2013,321,0
"105",2013-11-18,2013,322,0
"106",2013-11-19,2013,323,0
"107",2013-11-20,2013,324,0
"108",2013-11-21,2013,325,0
"109",2013-11-22,2013,326,0
"110",2013-11-23,2013,327,0
"111",2013-11-24,2013,328,0
"112",2013-11-25,2013,329,0
"113",2013-11-26,2013,330,0
"114",2013-11-27,2013,331,0
"115",2013-11-28,2013,332,0
"116",2013-11-29,2013,333,0
"117",2013-11-30,2013,334,0
"118",2013-12-01,2013,335,0
"119",2013-12-02,2013,336,0
"120",2013-12-03,2013,337,0
"121",2013-12-04,2013,338,0
"122",2013-12-05,2013,339,0
"123",2013-12-06,2013,340,0
"124",2013-12-07,2013,341,0
"125",2013-12-08,2013,342,0
"126",2013-12-09,2013,343,0
"127",2013-12-10,2013,344,0
"128",2013-12-11,2013,345,0
"129",2013-12-12,2013,346,4.5
"130",2013-12-13,2013,347,0.1
"131",2013-12-14,2013,348,0.1
"132",2013-12-15,2013,349,0
"133",2013-12-16,2013,350,0
"134",2013-12-17,2013,351,0
"135",2013-12-18,2013,352,0
"136",2013-12-19,2013,353,0
"137",2013-12-20,2013,354,0
"138",2013-12-21,2013,355,0.2
"139",2013-12-22,2013,356,0
"140",2013-12-23,2013,357,0
"141",2013-12-24,2013,358,0
"142",2013-12-25,2013,359,0
"143",2013-12-26,2013,360,0
"144",2013-12-27,2013,361,0
"145",2013-12-28,2013,362,0
"146",2013-12-29,2013,363,0
"147",2013-12-30,2013,364,0
"148",2013-12-31,2013,365,0
"149",2014-01-01,2014,1,0
"150",2014-01-02,2014,2,0
"151",2014-01-03,2014,3,0
"152",2014-01-04,2014,4,0
"153",2014-01-05,2014,5,0
"154",2014-01-06,2014,6,0
"155",2014-01-07,2014,7,0
"156",2014-01-08,2014,8,0
"157",2014-01-09,2014,9,0
"158",2014-01-10,2014,10,0
"159",2014-01-11,2014,11,0
"160",2014-01-12,2014,12,0
"161",2014-01-13,2014,13,0
"162",2014-01-14,2014,14,0
"163",2014-01-15,2014,15,0
"164",2014-01-16,2014,16,0
"165",2014-01-17,2014,17,0
"166",2014-01-18,2014,18,0
"167",2014-01-19,2014,19,0
"168",2014-01-20,2014,20,0
"169",2014-01-21,2014,21,0
"170",2014-01-22,2014,22,0
"171",2014-01-23,2014,23,0
"172",2014-01-24,2014,24,0
"173",2014-01-25,2014,25,0
"174",2014-01-26,2014,26,0
"175",2014-01-27,2014,27,0
"176",2014-01-28,2014,28,0
"177",2014-01-29,2014,29,0
"178",2014-01-30,2014,30,0
"179",2014-01-31,2014,31,0
"180",2014-02-01,2014,32,0
"181",2014-02-02,2014,33,0
"182",2014-02-03,2014,34,0
"183",2014-02-04,2014,35,0
"184",2014-02-05,2014,36,0
"185",2014-02-06,2014,37,0
"186",2014-02-07,2014,38,0
"187",2014-02-08,2014,39,0
"188",2014-02-09,2014,40,0
"189",2014-02-10,2014,41,0
"190",2014-02-11,2014,42,0
"191",2014-02-12,2014,43,0
"192",2014-02-13,2014,44,0
"193",2014-02-14,2014,45,0
"194",2014-02-15,2014,46,0
"195",2014-02-16,2014,47,0
"196",2014-02-17,2014,48,0
"197",2014-02-18,2014,49,0
"198",2014-02-19,2014,50,0
"199",2014-02-20,2014,51,0
"200",2014-02-21,2014,52,0
"201",2014-02-22,2014,53,0
"202",2014-02-23,2014,54,0
"203",2014-02-24,2014,55,0
"204",2014-02-25,2014,56,0
"205",2014-02-26,2014,57,0
"206",2014-02-27,2014,58,0
"207",2014-02-28,2014,59,0
"208",2014-03-01,2014,60,0
"209",2014-03-02,2014,61,5.7
"210",2014-03-03,2014,62,0
"211",2014-03-04,2014,63,0
"212",2014-03-05,2014,64,0
"213",2014-03-06,2014,65,0
"214",2014-03-07,2014,66,0
"215",2014-03-08,2014,67,0
"216",2014-03-09,2014,68,0
"217",2014-03-10,2014,69,0
"218",2014-03-11,2014,70,0
"219",2014-03-12,2014,71,0
"220",2014-03-13,2014,72,0
"221",2014-03-14,2014,73,0
"222",2014-03-15,2014,74,0.1
"223",2014-03-16,2014,75,0
"224",2014-03-17,2014,76,0
"225",2014-03-18,2014,77,0
"226",2014-03-19,2014,78,0
"227",2014-03-20,2014,79,0
"228",2014-03-21,2014,80,0
"229",2014-03-22,2014,81,0
"230",2014-03-23,2014,82,0
"231",2014-03-24,2014,83,0
"232",2014-03-25,2014,84,2.5
"233",2014-03-26,2014,85,0.1
"234",2014-03-27,2014,86,0
"235",2014-03-28,2014,87,0
"236",2014-03-29,2014,88,0
"237",2014-03-30,2014,89,0
"238",2014-03-31,2014,90,0
"239",2014-04-01,2014,91,0
"240",2014-04-02,2014,92,0
"241",2014-04-03,2014,93,0
"242",2014-04-04,2014,94,0
"243",2014-04-05,2014,95,0
"244",2014-04-06,2014,96,0
"245",2014-04-07,2014,97,0
"246",2014-04-08,2014,98,0
"247",2014-04-09,2014,99,0
"248",2014-04-10,2014,100,0
"249",2014-04-11,2014,101,0
"250",2014-04-12,2014,102,0
"251",2014-04-13,2014,103,0
"252",2014-04-14,2014,104,0
"253",2014-04-15,2014,105,0
"254",2014-04-16,2014,106,0
"255",2014-04-17,2014,107,0
"256",2014-04-18,2014,108,0
"257",2014-04-19,2014,109,0
"258",2014-04-20,2014,110,0
"259",2014-04-21,2014,111,0
"260",2014-04-22,2014,112,0
"261",2014-04-23,2014,113,0
"262",2014-04-24,2014,114,0
"263",2014-04-25,2014,115,0
"264",2014-04-26,2014,116,0
"265",2014-04-27,2014,117,0
"266",2014-04-28,2014,118,0
"267",2014-04-29,2014,119,0
"268",2014-04-30,2014,120,0
"269",2014-05-01,2014,121,0
"270",2014-05-02,2014,122,0
"271",2014-05-03,2014,123,0
"272",2014-05-04,2014,124,0
"273",2014-05-05,2014,125,0
"274",2014-05-06,2014,126,0
"275",2014-05-07,2014,127,0
"276",2014-05-08,2014,128,0
"277",2014-05-09,2014,129,0
"278",2014-05-10,2014,130,0
"279",2014-05-11,2014,131,0
"280",2014-05-12,2014,132,0
"281",2014-05-13,2014,133,0
"282",2014-05-14,2014,134,0
"283",2014-05-15,2014,135,0
"284",2014-05-16,2014,136,0
"285",2014-05-17,2014,137,0
"286",2014-05-18,2014,138,0
"287",2014-05-19,2014,139,0
"288",2014-05-20,2014,140,0
"289",2014-05-21,2014,141,0
"290",2014-05-22,2014,142,0
"291",2014-05-23,2014,143,0
"292",2014-05-24,2014,144,0
"293",2014-05-25,2014,145,0
"294",2014-05-26,2014,146,0
"295",2014-05-27,2014,147,0
"296",2014-05-28,2014,148,0
"297",2014-05-29,2014,149,0
"298",2014-05-30,2014,150,0
"299",2014-05-31,2014,151,0
"300",2014-06-01,2014,152,0
"301",2014-06-02,2014,153,0
"302",2014-06-03,2014,154,0
"303",2014-06-04,2014,155,0
"304",2014-06-05,2014,156,0
"305",2014-06-06,2014,157,0
"306",2014-06-07,2014,158,0
"307",2014-06-08,2014,159,0
"308",2014-06-09,2014,160,0
"309",2014-06-10,2014,161,0
"310",2014-06-11,2014,162,0
"311",2014-06-12,2014,163,0
"312",2014-06-13,2014,164,0
"313",2014-06-14,2014,165,0
"314",2014-06-15,2014,166,0
"315",2014-06-16,2014,167,0
"316",2014-06-17,2014,168,0.2
"317",2014-06-18,2014,169,0.4
"318",2014-06-19,2014,170,0
"319",2014-06-20,2014,171,0
"320",2014-06-21,2014,172,0
"321",2014-06-22,2014,173,0
"322",2014-06-23,2014,174,0
"323",2014-06-24,2014,175,0
"324",2014-06-25,2014,176,0
"325",2014-06-26,2014,177,0
"326",2014-06-27,2014,178,0
"327",2014-06-28,2014,179,0
"328",2014-06-29,2014,180,0
"329",2014-06-30,2014,181,0
"330",2014-07-01,2014,182,18.1
"331",2014-07-02,2014,183,0
"332",2014-07-03,2014,184,0
"333",2014-07-04,2014,185,0
"334",2014-07-05,2014,186,0
"335",2014-07-06,2014,187,0
"336",2014-07-07,2014,188,0
"337",2014-07-08,2014,189,0
"338",2014-07-09,2014,190,7.3
"339",2014-07-10,2014,191,0
"340",2014-07-11,2014,192,9.1
"341",2014-07-12,2014,193,17.3
"342",2014-07-13,2014,194,1.1
"343",2014-07-14,2014,195,8.1
"344",2014-07-15,2014,196,0
"345",2014-07-16,2014,197,1.2
"346",2014-07-17,2014,198,0
"347",2014-07-18,2014,199,0
"348",2014-07-19,2014,200,0
"349",2014-07-20,2014,201,0.1
"350",2014-07-21,2014,202,0
"351",2014-07-22,2014,203,4.5
"352",2014-07-23,2014,204,0
"353",2014-07-24,2014,205,0
"354",2014-07-25,2014,206,0
"355",2014-07-26,2014,207,0
"356",2014-07-27,2014,208,1.5
"357",2014-07-28,2014,209,3.8
"358",2014-07-29,2014,210,3.4
"359",2014-07-30,2014,211,0.1
"360",2014-07-31,2014,212,1
"361",2014-08-01,2014,213,5.6
"362",2014-08-02,2014,214,0
"363",2014-08-03,2014,215,2.5
"364",2014-08-04,2014,216,0.9
"365",2014-08-05,2014,217,0.1
"366",2014-08-06,2014,218,0
"367",2014-08-07,2014,219,0.9
"368",2014-08-08,2014,220,0.1
"369",2014-08-09,2014,221,0
"370",2014-08-10,2014,222,2.4
"371",2014-08-11,2014,223,0
"372",2014-08-12,2014,224,0
"373",2014-08-13,2014,225,0.1
"374",2014-08-14,2014,226,19.7
"375",2014-08-15,2014,227,0.2
"376",2014-08-16,2014,228,0.3
"377",2014-08-17,2014,229,0
"378",2014-08-18,2014,230,0
"379",2014-08-19,2014,231,12.2
"380",2014-08-20,2014,232,0.1
"381",2014-08-21,2014,233,0
"382",2014-08-22,2014,234,3.6
"383",2014-08-23,2014,235,0
"384",2014-08-24,2014,236,0
"385",2014-08-25,2014,237,0
"386",2014-08-26,2014,238,0.1
"387",2014-08-27,2014,239,1.6
"388",2014-08-28,2014,240,0
"389",2014-08-29,2014,241,0
"390",2014-08-30,2014,242,0
"391",2014-08-31,2014,243,0
"392",2014-09-01,2014,244,0
"393",2014-09-02,2014,245,0
"394",2014-09-03,2014,246,0
"395",2014-09-04,2014,247,5.3
"396",2014-09-05,2014,248,1.6
"397",2014-09-06,2014,249,0
"398",2014-09-07,2014,250,0.3
"399",2014-09-08,2014,251,0
"400",2014-09-09,2014,252,0
"401",2014-09-10,2014,253,0
"402",2014-09-11,2014,254,0
"403",2014-09-12,2014,255,0
"404",2014-09-13,2014,256,0
"405",2014-09-14,2014,257,0
"406",2014-09-15,2014,258,0
"407",2014-09-16,2014,259,3.7
"408",2014-09-17,2014,260,23.2
"409",2014-09-18,2014,261,17.5
"410",2014-09-19,2014,262,2.1
"411",2014-09-20,2014,263,0
"412",2014-09-21,2014,264,0
"413",2014-09-22,2014,265,0
"414",2014-09-23,2014,266,0
"415",2014-09-24,2014,267,0
"416",2014-09-25,2014,268,0
"417",2014-09-26,2014,269,0.1
"418",2014-09-27,2014,270,0
"419",2014-09-28,2014,271,0
"420",2014-09-29,2014,272,0
"421",2014-09-30,2014,273,0
"422",2014-10-01,2014,274,0
"423",2014-10-02,2014,275,0
"424",2014-10-03,2014,276,0
"425",2014-10-04,2014,277,0
"426",2014-10-05,2014,278,0
"427",2014-10-06,2014,279,0
"428",2014-10-07,2014,280,0
"429",2014-10-08,2014,281,0
"430",2014-10-09,2014,282,0
"431",2014-10-10,2014,283,0
"432",2014-10-11,2014,284,0
"433",2014-10-12,2014,285,0
"434",2014-10-13,2014,286,0
"435",2014-10-14,2014,287,0
"436",2014-10-15,2014,288,0
"437",2014-10-16,2014,289,0
"438",2014-10-17,2014,290,0
"439",2014-10-18,2014,291,0
"440",2014-10-19,2014,292,8
"441",2014-10-20,2014,293,0.1
"442",2014-10-21,2014,294,0
"443",2014-10-22,2014,295,0
"444",2014-10-23,2014,296,0
"445",2014-10-24,2014,297,0
"446",2014-10-25,2014,298,0
"447",2014-10-26,2014,299,0
"448",2014-10-27,2014,300,0
"449",2014-10-28,2014,301,0
"450",2014-10-29,2014,302,0
"451",2014-10-30,2014,303,0
"452",2014-10-31,2014,304,0
"453",2014-11-01,2014,305,0
"454",2014-11-02,2014,306,0
"455",2014-11-03,2014,307,0
"456",2014-11-04,2014,308,0
"457",2014-11-05,2014,309,0
"458",2014-11-06,2014,310,0
"459",2014-11-07,2014,311,0
"460",2014-11-08,2014,312,0
"461",2014-11-09,2014,313,0.1
"462",2014-11-10,2014,314,0
"463",2014-11-11,2014,315,0
"464",2014-11-12,2014,316,0
"465",2014-11-13,2014,317,0
"466",2014-11-14,2014,318,0
"467",2014-11-15,2014,319,0
"468",2014-11-16,2014,320,0.3
"469",2014-11-17,2014,321,0
"470",2014-11-18,2014,322,0
"471",2014-11-19,2014,323,0
"472",2014-11-20,2014,324,0
"473",2014-11-21,2014,325,0
"474",2014-11-22,2014,326,0
"475",2014-11-23,2014,327,0
"476",2014-11-24,2014,328,0
"477",2014-11-25,2014,329,0
"478",2014-11-26,2014,330,0
"479",2014-11-27,2014,331,0
"480",2014-11-28,2014,332,0
"481",2014-11-29,2014,333,0
"482",2014-11-30,2014,334,0
"483",2014-12-01,2014,335,0
"484",2014-12-02,2014,336,0
"485",2014-12-03,2014,337,0
"486",2014-12-04,2014,338,0.3
"487",2014-12-05,2014,339,0
"488",2014-12-06,2014,340,0
"489",2014-12-07,2014,341,0
"490",2014-12-08,2014,342,0
"491",2014-12-09,2014,343,0.3
"492",2014-12-10,2014,344,0
"493",2014-12-11,2014,345,0
"494",2014-12-12,2014,346,0
"495",2014-12-13,2014,347,0
"496",2014-12-14,2014,348,0
"497",2014-12-15,2014,349,0
"498",2014-12-16,2014,350,0
"499",2014-12-17,2014,351,0
"500",2014-12-18,2014,352,4.4
"501",2014-12-19,2014,353,0.1
"502",2014-12-20,2014,354,0
"503",2014-12-21,2014,355,0
"504",2014-12-22,2014,356,0
"505",2014-12-23,2014,357,0
"506",2014-12-24,2014,358,0
"507",2014-12-25,2014,359,0
"508",2014-12-26,2014,360,3.6
"509",2014-12-27,2014,361,0
"510",2014-12-28,2014,362,0
"511",2014-12-29,2014,363,0
"512",2014-12-30,2014,364,0
"513",2014-12-31,2014,365,0
"514",2015-01-01,2015,1,0
"515",2015-01-02,2015,2,0.1
"516",2015-01-03,2015,3,5
"517",2015-01-04,2015,4,0.1
"518",2015-01-05,2015,5,0
"519",2015-01-06,2015,6,0
"520",2015-01-07,2015,7,0
"521",2015-01-08,2015,8,0.7
"522",2015-01-09,2015,9,0.1
"523",2015-01-10,2015,10,0
"524",2015-01-11,2015,11,0
"525",2015-01-12,2015,12,2.7
"526",2015-01-13,2015,13,0.1
"527",2015-01-14,2015,14,3.5
"528",2015-01-15,2015,15,0.1
"529",2015-01-16,2015,16,0
"530",2015-01-17,2015,17,0
"531",2015-01-18,2015,18,0
"532",2015-01-19,2015,19,0
"533",2015-01-20,2015,20,0
"534",2015-01-21,2015,21,0
"535",2015-01-22,2015,22,2
"536",2015-01-23,2015,23,3.8
"537",2015-01-24,2015,24,4.3
"538",2015-01-25,2015,25,0.3
"539",2015-01-26,2015,26,0
"540",2015-01-27,2015,27,0
"541",2015-01-28,2015,28,0
"542",2015-01-29,2015,29,0
"543",2015-01-30,2015,30,7.1
"544",2015-01-31,2015,31,3.4
"545",2015-02-01,2015,32,0.1
"546",2015-02-02,2015,33,0
"547",2015-02-03,2015,34,0
"548",2015-02-04,2015,35,0
"549",2015-02-05,2015,36,0
"550",2015-02-06,2015,37,0
"551",2015-02-07,2015,38,0
"552",2015-02-08,2015,39,0
"553",2015-02-09,2015,40,0
"554",2015-02-10,2015,41,0
"555",2015-02-11,2015,42,0
"556",2015-02-12,2015,43,0
"557",2015-02-13,2015,44,0
"558",2015-02-14,2015,45,0
"559",2015-02-15,2015,46,0
"560",2015-02-16,2015,47,0
"561",2015-02-17,2015,48,0
"562",2015-02-18,2015,49,0
"563",2015-02-19,2015,50,0
"564",2015-02-20,2015,51,0
"565",2015-02-21,2015,52,0
"566",2015-02-22,2015,53,0
"567",2015-02-23,2015,54,0.6
"568",2015-02-24,2015,55,1.5
"569",2015-02-25,2015,56,0
"570",2015-02-26,2015,57,0
"571",2015-02-27,2015,58,0
"572",2015-02-28,2015,59,0
"573",2015-03-01,2015,60,0
"574",2015-03-02,2015,61,1.2
"575",2015-03-03,2015,62,3.8
"576",2015-03-04,2015,63,0.1
"577",2015-03-05,2015,64,0
"578",2015-03-06,2015,65,0
"579",2015-03-07,2015,66,0
"580",2015-03-08,2015,67,0
"581",2015-03-09,2015,68,0
"582",2015-03-10,2015,69,0
"583",2015-03-11,2015,70,0
"584",2015-03-12,2015,71,0
"585",2015-03-13,2015,72,0
"586",2015-03-14,2015,73,0
"587",2015-03-15,2015,74,0
"588",2015-03-16,2015,75,0
"589",2015-03-17,2015,76,0.3
"590",2015-03-18,2015,77,0.8
"591",2015-03-19,2015,78,0
"592",2015-03-20,2015,79,0
"593",2015-03-21,2015,80,0
"594",2015-03-22,2015,81,0
"595",2015-03-23,2015,82,0
"596",2015-03-24,2015,83,0
"597",2015-03-25,2015,84,0
"598",2015-03-26,2015,85,0
"599",2015-03-27,2015,86,0
"600",2015-03-28,2015,87,0
"601",2015-03-29,2015,88,0
"602",2015-03-30,2015,89,0
"603",2015-03-31,2015,90,0
"604",2015-04-01,2015,91,0
"605",2015-04-02,2015,92,0
"606",2015-04-03,2015,93,0
"607",2015-04-04,2015,94,0
"608",2015-04-05,2015,95,0
"609",2015-04-06,2015,96,0
"610",2015-04-07,2015,97,0
"611",2015-04-08,2015,98,0
"612",2015-04-09,2015,99,0
"613",2015-04-10,2015,100,0
"614",2015-04-11,2015,101,0
"615",2015-04-12,2015,102,0.1
"616",2015-04-13,2015,103,1.1
"617",2015-04-14,2015,104,0
"618",2015-04-15,2015,105,0
"619",2015-04-16,2015,106,0
"620",2015-04-17,2015,107,0
"621",2015-04-18,2015,108,0
"622",2015-04-19,2015,109,0
"623",2015-04-20,2015,110,0
"624",2015-04-21,2015,111,0
"625",2015-04-22,2015,112,0
"626",2015-04-23,2015,113,1.2
"627",2015-04-24,2015,114,1.4
"628",2015-04-25,2015,115,0
"629",2015-04-26,2015,116,0.7
"630",2015-04-27,2015,117,0
"631",2015-04-28,2015,118,0
"632",2015-04-29,2015,119,0
"633",2015-04-30,2015,120,0
"634",2015-05-01,2015,121,0
"635",2015-05-02,2015,122,0
"636",2015-05-03,2015,123,0.5
"637",2015-05-04,2015,124,0
"638",2015-05-05,2015,125,0
"639",2015-05-06,2015,126,0
"640",2015-05-07,2015,127,0
"641",2015-05-08,2015,128,0
"642",2015-05-09,2015,129,0
"643",2015-05-10,2015,130,0
"644",2015-05-11,2015,131,0
"645",2015-05-12,2015,132,10.1
"646",2015-05-13,2015,133,0.9
"647",2015-05-14,2015,134,0.3
"648",2015-05-15,2015,135,0
"649",2015-05-16,2015,136,0
"650",2015-05-17,2015,137,0
"651",2015-05-18,2015,138,0
"652",2015-05-19,2015,139,0
"653",2015-05-20,2015,140,0
"654",2015-05-21,2015,141,20.2
"655",2015-05-22,2015,142,0.1
"656",2015-05-23,2015,143,0
"657",2015-05-24,2015,144,0
"658",2015-05-25,2015,145,0
"659",2015-05-26,2015,146,0
"660",2015-05-27,2015,147,0
"661",2015-05-28,2015,148,0
"662",2015-05-29,2015,149,0
"663",2015-05-30,2015,150,0
"664",2015-05-31,2015,151,0
"665",2015-06-01,2015,152,0
"666",2015-06-02,2015,153,0
"667",2015-06-03,2015,154,0
"668",2015-06-04,2015,155,0
"669",2015-06-05,2015,156,0
"670",2015-06-06,2015,157,0
"671",2015-06-07,2015,158,0
"672",2015-06-08,2015,159,5.4
"673",2015-06-09,2015,160,0.4
"674",2015-06-10,2015,161,0
"675",2015-06-11,2015,162,0
"676",2015-06-12,2015,163,0
"677",2015-06-13,2015,164,0
"678",2015-06-14,2015,165,0
"679",2015-06-15,2015,166,0
"680",2015-06-16,2015,167,0
"681",2015-06-17,2015,168,0
"682",2015-06-18,2015,169,0
"683",2015-06-19,2015,170,0
"684",2015-06-20,2015,171,0
"685",2015-06-21,2015,172,0
"686",2015-06-22,2015,173,1.3
"687",2015-06-23,2015,174,0
"688",2015-06-24,2015,175,0
"689",2015-06-25,2015,176,0
"690",2015-06-26,2015,177,0.1
"691",2015-06-27,2015,178,0
"692",2015-06-28,2015,179,0
"693",2015-06-29,2015,180,0
"694",2015-06-30,2015,181,0
"695",2015-07-01,2015,182,0
"696",2015-07-02,2015,183,0.9
"697",2015-07-03,2015,184,1
"698",2015-07-04,2015,185,28.5
"699",2015-07-05,2015,186,0.3
"700",2015-07-06,2015,187,0
"701",2015-07-07,2015,188,4.5
"702",2015-07-08,2015,189,38.5
"703",2015-07-09,2015,190,3.3
"704",2015-07-10,2015,191,2.4
"705",2015-07-11,2015,192,0.2
"706",2015-07-12,2015,193,0
"707",2015-07-13,2015,194,0
"708",2015-07-14,2015,195,0
"709",2015-07-15,2015,196,0
"710",2015-07-16,2015,197,0
"711",2015-07-17,2015,198,0
"712",2015-07-18,2015,199,0
"713",2015-07-19,2015,200,2.9
"714",2015-07-20,2015,201,0.2
"715",2015-07-21,2015,202,0.4
"716",2015-07-22,2015,203,0
"717",2015-07-23,2015,204,0
"718",2015-07-24,2015,205,0
"719",2015-07-25,2015,206,1.2
"720",2015-07-26,2015,207,0.3
"721",2015-07-27,2015,208,0
"722",2015-07-28,2015,209,0.7
"723",2015-07-29,2015,210,14.8
"724",2015-07-30,2015,211,7.5
"725",2015-07-31,2015,212,17
"726",2015-08-01,2015,213,0
"727",2015-08-02,2015,214,0.4
"728",2015-08-03,2015,215,0.9
"729",2015-08-04,2015,216,0
"730",2015-08-05,2015,217,0
"731",2015-08-06,2015,218,0
"732",2015-08-07,2015,219,0
"733",2015-08-08,2015,220,0
"734",2015-08-09,2015,221,0
"735",2015-08-10,2015,222,0
"736",2015-08-11,2015,223,0
"737",2015-08-12,2015,224,0
"738",2015-08-13,2015,225,0
"739",2015-08-14,2015,226,0
"740",2015-08-15,2015,227,0
"741",2015-08-16,2015,228,6
"742",2015-08-17,2015,229,0.6
"743",2015-08-18,2015,230,2.6
"744",2015-08-19,2015,231,0.1
"745",2015-08-20,2015,232,0.3
"746",2015-08-21,2015,233,0
"747",2015-08-22,2015,234,0
"748",2015-08-23,2015,235,5.4
"749",2015-08-24,2015,236,4.3
"750",2015-08-25,2015,237,9.2
"751",2015-08-26,2015,238,0
"752",2015-08-27,2015,239,NA
"753",2015-08-28,2015,240,NA
"754",2015-08-29,2015,241,NA
"755",2015-08-30,2015,242,NA
"756",2015-08-31,2015,243,NA
"757",2015-09-01,2015,244,NA
"758",2015-09-02,2015,245,NA
"759",2015-09-03,2015,246,NA
"760",2015-09-04,2015,247,NA
"761",2015-09-05,2015,248,NA
"762",2015-09-06,2015,249,NA
"763",2015-09-07,2015,250,0
"764",2015-09-08,2015,251,0
"765",2015-09-09,2015,252,0
"766",2015-09-10,2015,253,0
"767",2015-09-11,2015,254,0
"768",2015-09-12,2015,255,0
"769",2015-09-13,2015,256,0
"770",2015-09-14,2015,257,0
"771",2015-09-15,2015,258,0
"772",2015-09-16,2015,259,0
"773",2015-09-17,2015,260,0
"774",2015-09-18,2015,261,0.5
"775",2015-09-19,2015,262,0
"776",2015-09-20,2015,263,0
"777",2015-09-21,2015,264,4.4
"778",2015-09-22,2015,265,0.9
"779",2015-09-23,2015,266,0
"780",2015-09-24,2015,267,0
"781",2015-09-25,2015,268,0
"782",2015-09-26,2015,269,0
"783",2015-09-27,2015,270,0
"784",2015-09-28,2015,271,0
"785",2015-09-29,2015,272,0
"786",2015-09-30,2015,273,0
"787",2015-10-01,2015,274,0
"788",2015-10-02,2015,275,0.5
"789",2015-10-03,2015,276,0
"790",2015-10-04,2015,277,3
"791",2015-10-05,2015,278,0
"792",2015-10-06,2015,279,0.6
"793",2015-10-07,2015,280,0.1
"794",2015-10-08,2015,281,0
"795",2015-10-09,2015,282,0
"796",2015-10-10,2015,283,0
"797",2015-10-11,2015,284,0
"798",2015-10-12,2015,285,0
"799",2015-10-13,2015,286,0
"800",2015-10-14,2015,287,0
"801",2015-10-15,2015,288,0
"802",2015-10-16,2015,289,0
"803",2015-10-17,2015,290,0
"804",2015-10-18,2015,291,0
"805",2015-10-19,2015,292,2.9
"806",2015-10-20,2015,293,6.9
"807",2015-10-21,2015,294,6.7
"808",2015-10-22,2015,295,0.1
"809",2015-10-23,2015,296,0
"810",2015-10-24,2015,297,0
"811",2015-10-25,2015,298,0
"812",2015-10-26,2015,299,0
"813",2015-10-27,2015,300,0
"814",2015-10-28,2015,301,0
"815",2015-10-29,2015,302,4.6
"816",2015-10-30,2015,303,3.5
"817",2015-10-31,2015,304,0
"818",2015-11-01,2015,305,0
"819",2015-11-02,2015,306,0
"820",2015-11-03,2015,307,0
"821",2015-11-04,2015,308,1
"822",2015-11-05,2015,309,0
"823",2015-11-06,2015,310,0
"824",2015-11-07,2015,311,0
"825",2015-11-08,2015,312,0
"826",2015-11-09,2015,313,0
"827",2015-11-10,2015,314,0
"828",2015-11-11,2015,315,0
"829",2015-11-12,2015,316,0
"830",2015-11-13,2015,317,0
"831",2015-11-14,2015,318,0
"832",2015-11-15,2015,319,1.2
"833",2015-11-16,2015,320,0.1
"834",2015-11-17,2015,321,0
"835",2015-11-18,2015,322,0
"836",2015-11-19,2015,323,0
"837",2015-11-20,2015,324,0
"838",2015-11-21,2015,325,0
"839",2015-11-22,2015,326,0
"840",2015-11-23,2015,327,0
"841",2015-11-24,2015,328,0
"842",2015-11-25,2015,329,1.6
"843",2015-11-26,2015,330,4.7
"844",2015-11-27,2015,331,4.5
"845",2015-11-28,2015,332,0.1
"846",2015-11-29,2015,333,0.1
"847",2015-11-30,2015,334,0
"848",2015-12-01,2015,335,0
"849",2015-12-02,2015,336,0
"850",2015-12-03,2015,337,0
"851",2015-12-04,2015,338,0
"852",2015-12-05,2015,339,0
"853",2015-12-06,2015,340,0
"854",2015-12-07,2015,341,0
"855",2015-12-08,2015,342,0
"856",2015-12-09,2015,343,0
"857",2015-12-10,2015,344,0
"858",2015-12-11,2015,345,0
"859",2015-12-12,2015,346,5.1
"860",2015-12-13,2015,347,0
"861",2015-12-14,2015,348,0
"862",2015-12-15,2015,349,0
"863",2015-12-16,2015,350,0
"864",2015-12-17,2015,351,0
"865",2015-12-18,2015,352,0
"866",2015-12-19,2015,353,0
"867",2015-12-20,2015,354,0
"868",2015-12-21,2015,355,0
"869",2015-12-22,2015,356,0
"870",2015-12-23,2015,357,0
"871",2015-12-24,2015,358,0
"872",2015-12-25,2015,359,0
"873",2015-12-26,2015,360,0.1
"874",2015-12-27,2015,361,3
"875",2015-12-28,2015,362,2.4
"876",2015-12-29,2015,363,3.2
"877",2015-12-30,2015,364,0
"878",2015-12-31,2015,365,0
"879",2016-01-01,2016,1,0
"880",2016-01-02,2016,2,0
"881",2016-01-03,2016,3,0
"882",2016-01-04,2016,4,0.1
"883",2016-01-05,2016,5,2.3
"884",2016-01-06,2016,6,1.2
"885",2016-01-07,2016,7,1.1
"886",2016-01-08,2016,8,0
"887",2016-01-09,2016,9,0
"888",2016-01-10,2016,10,0
"889",2016-01-11,2016,11,0
"890",2016-01-12,2016,12,0
"891",2016-01-13,2016,13,0
"892",2016-01-14,2016,14,0
"893",2016-01-15,2016,15,0
"894",2016-01-16,2016,16,0
"895",2016-01-17,2016,17,0
"896",2016-01-18,2016,18,0
"897",2016-01-19,2016,19,0
"898",2016-01-20,2016,20,0
"899",2016-01-21,2016,21,0
"900",2016-01-22,2016,22,0
"901",2016-01-23,2016,23,0
"902",2016-01-24,2016,24,0
"903",2016-01-25,2016,25,0
"904",2016-01-26,2016,26,0
"905",2016-01-27,2016,27,0
"906",2016-01-28,2016,28,0
"907",2016-01-29,2016,29,0
"908",2016-01-30,2016,30,0
"909",2016-01-31,2016,31,0
"910",2016-02-01,2016,32,1.2
"911",2016-02-02,2016,33,0
"912",2016-02-03,2016,34,0
"913",2016-02-04,2016,35,0
"914",2016-02-05,2016,36,0
"915",2016-02-06,2016,37,0
"916",2016-02-07,2016,38,0
"917",2016-02-08,2016,39,0
"918",2016-02-09,2016,40,0
"919",2016-02-10,2016,41,0
"920",2016-02-11,2016,42,0
"921",2016-02-12,2016,43,0
"922",2016-02-13,2016,44,0
"923",2016-02-14,2016,45,0
"924",2016-02-15,2016,46,0
"925",2016-02-16,2016,47,0
"926",2016-02-17,2016,48,0
"927",2016-02-18,2016,49,0
"928",2016-02-19,2016,50,0
"929",2016-02-20,2016,51,0
"930",2016-02-21,2016,52,0
"931",2016-02-22,2016,53,0
"932",2016-02-23,2016,54,0
"933",2016-02-24,2016,55,0
"934",2016-02-25,2016,56,0
"935",2016-02-26,2016,57,0
"936",2016-02-27,2016,58,0
"937",2016-02-28,2016,59,0
"938",2016-02-29,2016,60,0
"939",2016-03-01,2016,61,0
"940",2016-03-02,2016,62,0
"941",2016-03-03,2016,63,0
"942",2016-03-04,2016,64,0
"943",2016-03-05,2016,65,0
"944",2016-03-06,2016,66,0
"945",2016-03-07,2016,67,0
"946",2016-03-08,2016,68,0.1
"947",2016-03-09,2016,69,0
"948",2016-03-10,2016,70,0
"949",2016-03-11,2016,71,0
"950",2016-03-12,2016,72,0
"951",2016-03-13,2016,73,0
"952",2016-03-14,2016,74,0
"953",2016-03-15,2016,75,0
"954",2016-03-16,2016,76,0
"955",2016-03-17,2016,77,0
"956",2016-03-18,2016,78,0
"957",2016-03-19,2016,79,0
"958",2016-03-20,2016,80,0
"959",2016-03-21,2016,81,0
"960",2016-03-22,2016,82,0
"961",2016-03-23,2016,83,0
"962",2016-03-24,2016,84,0
"963",2016-03-25,2016,85,0
"964",2016-03-26,2016,86,0
"965",2016-03-27,2016,87,0
"966",2016-03-28,2016,88,0
"967",2016-03-29,2016,89,0
"968",2016-03-30,2016,90,0
"969",2016-03-31,2016,91,0
"970",2016-04-01,2016,92,0.1
"971",2016-04-02,2016,93,0
"972",2016-04-03,2016,94,0
"973",2016-04-04,2016,95,0
"974",2016-04-05,2016,96,0
"975",2016-04-06,2016,97,0
"976",2016-04-07,2016,98,0
"977",2016-04-08,2016,99,2.9
"978",2016-04-09,2016,100,0.1
"979",2016-04-10,2016,101,0
"980",2016-04-11,2016,102,0
"981",2016-04-12,2016,103,4.2
"982",2016-04-13,2016,104,0
"983",2016-04-14,2016,105,0
"984",2016-04-15,2016,106,0
"985",2016-04-16,2016,107,0
"986",2016-04-17,2016,108,0
"987",2016-04-18,2016,109,0
"988",2016-04-19,2016,110,0
"989",2016-04-20,2016,111,0
"990",2016-04-21,2016,112,0
"991",2016-04-22,2016,113,2.5
"992",2016-04-23,2016,114,0
"993",2016-04-24,2016,115,0
"994",2016-04-25,2016,116,0
"995",2016-04-26,2016,117,0
"996",2016-04-27,2016,118,0
"997",2016-04-28,2016,119,0
"998",2016-04-29,2016,120,0
"999",2016-04-30,2016,121,0
"1000",2016-05-01,2016,122,0
"1001",2016-05-02,2016,123,0
"1002",2016-05-03,2016,124,0
"1003",2016-05-04,2016,125,0
"1004",2016-05-05,2016,126,0
"1005",2016-05-06,2016,127,0
"1006",2016-05-07,2016,128,0
"1007",2016-05-08,2016,129,0
"1008",2016-05-09,2016,130,0
"1009",2016-05-10,2016,131,0
"1010",2016-05-11,2016,132,0
"1011",2016-05-12,2016,133,0
"1012",2016-05-13,2016,134,0
"1013",2016-05-14,2016,135,0
"1014",2016-05-15,2016,136,0
"1015",2016-05-16,2016,137,0
"1016",2016-05-17,2016,138,0.5
"1017",2016-05-18,2016,139,4.9
"1018",2016-05-19,2016,140,0.1
"1019",2016-05-20,2016,141,0
"1020",2016-05-21,2016,142,0
"1021",2016-05-22,2016,143,0
"1022",2016-05-23,2016,144,0
"1023",2016-05-24,2016,145,0
"1024",2016-05-25,2016,146,0
"1025",2016-05-26,2016,147,0
"1026",2016-05-27,2016,148,0
"1027",2016-05-28,2016,149,0
"1028",2016-05-29,2016,150,0
"1029",2016-05-30,2016,151,0
"1030",2016-05-31,2016,152,0
"1031",2016-06-01,2016,153,0.6
"1032",2016-06-02,2016,154,0
"1033",2016-06-03,2016,155,0
"1034",2016-06-04,2016,156,0
"1035",2016-06-05,2016,157,0
"1036",2016-06-06,2016,158,0
"1037",2016-06-07,2016,159,0.4
"1038",2016-06-08,2016,160,0
"1039",2016-06-09,2016,161,0
"1040",2016-06-10,2016,162,0
"1041",2016-06-11,2016,163,0
"1042",2016-06-12,2016,164,0
"1043",2016-06-13,2016,165,0
"1044",2016-06-14,2016,166,0
"1045",2016-06-15,2016,167,0
"1046",2016-06-16,2016,168,0
"1047",2016-06-17,2016,169,0
"1048",2016-06-18,2016,170,0
"1049",2016-06-19,2016,171,0
"1050",2016-06-20,2016,172,0
"1051",2016-06-21,2016,173,0
"1052",2016-06-22,2016,174,0
"1053",2016-06-23,2016,175,0
"1054",2016-06-24,2016,176,0.3
"1055",2016-06-25,2016,177,1.9
"1056",2016-06-26,2016,178,0
"1057",2016-06-27,2016,179,0
"1058",2016-06-28,2016,180,0.8
"1059",2016-06-29,2016,181,0
"1060",2016-06-30,2016,182,0
"1061",2016-07-01,2016,183,3.5
"1062",2016-07-02,2016,184,0.2
"1063",2016-07-03,2016,185,0
"1064",2016-07-04,2016,186,0
"1065",2016-07-05,2016,187,0
"1066",2016-07-06,2016,188,0
"1067",2016-07-07,2016,189,0
"1068",2016-07-08,2016,190,0
"1069",2016-07-09,2016,191,0
"1070",2016-07-10,2016,192,0
"1071",2016-07-11,2016,193,0
"1072",2016-07-12,2016,194,0
"1073",2016-07-13,2016,195,0
"1074",2016-07-14,2016,196,0
"1075",2016-07-15,2016,197,0
"1076",2016-07-16,2016,198,0
"1077",2016-07-17,2016,199,0
"1078",2016-07-18,2016,200,2.2
"1079",2016-07-19,2016,201,0
"1080",2016-07-20,2016,202,8.9
"1081",2016-07-21,2016,203,0.3
"1082",2016-07-22,2016,204,0
"1083",2016-07-23,2016,205,0
"1084",2016-07-24,2016,206,0.1
"1085",2016-07-25,2016,207,0
"1086",2016-07-26,2016,208,0
"1087",2016-07-27,2016,209,0.3
"1088",2016-07-28,2016,210,0
"1089",2016-07-29,2016,211,0
"1090",2016-07-30,2016,212,0
"1091",2016-07-31,2016,213,0
"1092",2016-08-01,2016,214,38.8
"1093",2016-08-02,2016,215,0.1
"1094",2016-08-03,2016,216,0
"1095",2016-08-04,2016,217,0
"1096",2016-08-05,2016,218,0
"1097",2016-08-06,2016,219,0.5
"1098",2016-08-07,2016,220,1
"1099",2016-08-08,2016,221,0.5
"1100",2016-08-09,2016,222,0
"1101",2016-08-10,2016,223,27.9
"1102",2016-08-11,2016,224,0.2
"1103",2016-08-12,2016,225,10.9
"1104",2016-08-13,2016,226,6.6
"1105",2016-08-14,2016,227,5.8
"1106",2016-08-15,2016,228,0.1
"1107",2016-08-16,2016,229,0
"1108",2016-08-17,2016,230,0
"1109",2016-08-18,2016,231,0
"1110",2016-08-19,2016,232,5.8
"1111",2016-08-20,2016,233,0
"1112",2016-08-21,2016,234,4.8
"1113",2016-08-22,2016,235,3.3
"1114",2016-08-23,2016,236,0.1
"1115",2016-08-24,2016,237,0
"1116",2016-08-25,2016,238,0
"1117",2016-08-26,2016,239,0.7
"1118",2016-08-27,2016,240,0.6
"1119",2016-08-28,2016,241,0
"1120",2016-08-29,2016,242,0.2
"1121",2016-08-30,2016,243,0
"1122",2016-08-31,2016,244,3.4
"1123",2016-09-01,2016,245,8.4
"1124",2016-09-02,2016,246,0.1
"1125",2016-09-03,2016,247,0
"1126",2016-09-04,2016,248,0
"1127",2016-09-05,2016,249,0
"1128",2016-09-06,2016,250,1.9
"1129",2016-09-07,2016,251,11.3
"1130",2016-09-08,2016,252,0
"1131",2016-09-09,2016,253,0
"1132",2016-09-10,2016,254,0
"1133",2016-09-11,2016,255,0
"1134",2016-09-12,2016,256,0
"1135",2016-09-13,2016,257,0
"1136",2016-09-14,2016,258,0
"1137",2016-09-15,2016,259,0
"1138",2016-09-16,2016,260,0
"1139",2016-09-17,2016,261,0
"1140",2016-09-18,2016,262,0
"1141",2016-09-19,2016,263,0
"1142",2016-09-20,2016,264,0
"1143",2016-09-21,2016,265,0.9
"1144",2016-09-22,2016,266,1.1
"1145",2016-09-23,2016,267,0
"1146",2016-09-24,2016,268,0
"1147",2016-09-25,2016,269,0
"1148",2016-09-26,2016,270,5.5
"1149",2016-09-27,2016,271,0.1
"1150",2016-09-28,2016,272,0
"1151",2016-09-29,2016,273,0.1
"1152",2016-09-30,2016,274,12.7
"1153",2016-10-01,2016,275,0
"1154",2016-10-02,2016,276,0
"1155",2016-10-03,2016,277,0
"1156",2016-10-04,2016,278,0
"1157",2016-10-05,2016,279,0
"1158",2016-10-06,2016,280,0
"1159",2016-10-07,2016,281,0
"1160",2016-10-08,2016,282,0
"1161",2016-10-09,2016,283,3.7
"1162",2016-10-10,2016,284,0
"1163",2016-10-11,2016,285,0
"1164",2016-10-12,2016,286,0
"1165",2016-10-13,2016,287,0
"1166",2016-10-14,2016,288,0
"1167",2016-10-15,2016,289,0
"1168",2016-10-16,2016,290,0
"1169",2016-10-17,2016,291,0
"1170",2016-10-18,2016,292,0
"1171",2016-10-19,2016,293,0
"1172",2016-10-20,2016,294,0
"1173",2016-10-21,2016,295,0
"1174",2016-10-22,2016,296,0
"1175",2016-10-23,2016,297,0
"1176",2016-10-24,2016,298,0
"1177",2016-10-25,2016,299,0
"1178",2016-10-26,2016,300,0
"1179",2016-10-27,2016,301,0
"1180",2016-10-28,2016,302,0
"1181",2016-10-29,2016,303,0
"1182",2016-10-30,2016,304,0
"1183",2016-10-31,2016,305,0
"1184",2016-11-01,2016,306,0
"1185",2016-11-02,2016,307,0
"1186",2016-11-03,2016,308,0
"1187",2016-11-04,2016,309,19.3
"1188",2016-11-05,2016,310,0.2
"1189",2016-11-06,2016,311,0
"1190",2016-11-07,2016,312,0
"1191",2016-11-08,2016,313,0
"1192",2016-11-09,2016,314,0
"1193",2016-11-10,2016,315,0
"1194",2016-11-11,2016,316,0
"1195",2016-11-12,2016,317,0
"1196",2016-11-13,2016,318,0
"1197",2016-11-14,2016,319,0
"1198",2016-11-15,2016,320,0
"1199",2016-11-16,2016,321,0
"1200",2016-11-17,2016,322,0
"1201",2016-11-18,2016,323,0
"1202",2016-11-19,2016,324,0
"1203",2016-11-20,2016,325,0
"1204",2016-11-21,2016,326,0
"1205",2016-11-22,2016,327,0
"1206",2016-11-23,2016,328,0
"1207",2016-11-24,2016,329,0
"1208",2016-11-25,2016,330,0
"1209",2016-11-26,2016,331,0
"1210",2016-11-27,2016,332,0
"1211",2016-11-28,2016,333,0
"1212",2016-11-29,2016,334,0
"1213",2016-11-30,2016,335,0
"1214",2016-12-01,2016,336,0
"1215",2016-12-02,2016,337,0
"1216",2016-12-03,2016,338,1.1
"1217",2016-12-04,2016,339,0
"1218",2016-12-05,2016,340,0
"1219",2016-12-06,2016,341,0
"1220",2016-12-07,2016,342,0
"1221",2016-12-08,2016,343,0
"1222",2016-12-09,2016,344,0
"1223",2016-12-10,2016,345,0
"1224",2016-12-11,2016,346,0
"1225",2016-12-12,2016,347,0
"1226",2016-12-13,2016,348,0
"1227",2016-12-14,2016,349,0
"1228",2016-12-15,2016,350,0
"1229",2016-12-16,2016,351,0
"1230",2016-12-17,2016,352,0
"1231",2016-12-18,2016,353,0
"1232",2016-12-19,2016,354,0
"1233",2016-12-20,2016,355,0
"1234",2016-12-21,2016,356,1.5
"1235",2016-12-22,2016,357,13.6
"1236",2016-12-23,2016,358,0.1
"1237",2016-12-24,2016,359,0
"1238",2016-12-25,2016,360,0
"1239",2016-12-26,2016,361,0
"1240",2016-12-27,2016,362,0
"1241",2016-12-28,2016,363,0
"1242",2016-12-29,2016,364,0
"1243",2016-12-30,2016,365,0
"1244",2016-12-31,2016,366,1.7
"1245",2017-01-01,2017,1,6.2
"1246",2017-01-02,2017,2,0.1
"1247",2017-01-03,2017,3,0
"1248",2017-01-04,2017,4,0
"1249",2017-01-05,2017,5,0
"1250",2017-01-06,2017,6,0
"1251",2017-01-07,2017,7,0
"1252",2017-01-08,2017,8,0
"1253",2017-01-09,2017,9,0
"1254",2017-01-10,2017,10,0
"1255",2017-01-11,2017,11,0
"1256",2017-01-12,2017,12,0
"1257",2017-01-13,2017,13,0
"1258",2017-01-14,2017,14,9.5
"1259",2017-01-15,2017,15,18.9
"1260",2017-01-16,2017,16,0.2
"1261",2017-01-17,2017,17,1.3
"1262",2017-01-18,2017,18,0.1
"1263",2017-01-19,2017,19,0
"1264",2017-01-20,2017,20,0
"1265",2017-01-21,2017,21,5
"1266",2017-01-22,2017,22,0
"1267",2017-01-23,2017,23,0
"1268",2017-01-24,2017,24,0
"1269",2017-01-25,2017,25,0
"1270",2017-01-26,2017,26,0
"1271",2017-01-27,2017,27,0
"1272",2017-01-28,2017,28,0
"1273",2017-01-29,2017,29,0
"1274",2017-01-30,2017,30,0
"1275",2017-01-31,2017,31,0
"1276",2017-02-01,2017,32,0
"1277",2017-02-02,2017,33,0
"1278",2017-02-03,2017,34,0
"1279",2017-02-04,2017,35,0
"1280",2017-02-05,2017,36,0
"1281",2017-02-06,2017,37,0
"1282",2017-02-07,2017,38,0
"1283",2017-02-08,2017,39,0
"1284",2017-02-09,2017,40,0
"1285",2017-02-10,2017,41,0
"1286",2017-02-11,2017,42,0
"1287",2017-02-12,2017,43,7.5
"1288",2017-02-13,2017,44,3.5
"1289",2017-02-14,2017,45,0
"1290",2017-02-15,2017,46,0
"1291",2017-02-16,2017,47,0
"1292",2017-02-17,2017,48,0
"1293",2017-02-18,2017,49,0
"1294",2017-02-19,2017,50,1.7
"1295",2017-02-20,2017,51,0
"1296",2017-02-21,2017,52,0
"1297",2017-02-22,2017,53,0
"1298",2017-02-23,2017,54,0
"1299",2017-02-24,2017,55,0
"1300",2017-02-25,2017,56,0
"1301",2017-02-26,2017,57,0
"1302",2017-02-27,2017,58,0
"1303",2017-02-28,2017,59,0
"1304",2017-03-01,2017,60,0
"1305",2017-03-02,2017,61,0
"1306",2017-03-03,2017,62,0
"1307",2017-03-04,2017,63,0
"1308",2017-03-05,2017,64,0
"1309",2017-03-06,2017,65,0
"1310",2017-03-07,2017,66,0
"1311",2017-03-08,2017,67,0
"1312",2017-03-09,2017,68,0
"1313",2017-03-10,2017,69,0
"1314",2017-03-11,2017,70,0
"1315",2017-03-12,2017,71,0
"1316",2017-03-13,2017,72,0
"1317",2017-03-14,2017,73,0
"1318",2017-03-15,2017,74,0
"1319",2017-03-16,2017,75,0
"1320",2017-03-17,2017,76,0
"1321",2017-03-18,2017,77,0
"1322",2017-03-19,2017,78,0
"1323",2017-03-20,2017,79,0
"1324",2017-03-21,2017,80,0
"1325",2017-03-22,2017,81,0
"1326",2017-03-23,2017,82,0
"1327",2017-03-24,2017,83,0
"1328",2017-03-25,2017,84,0
"1329",2017-03-26,2017,85,0
"1330",2017-03-27,2017,86,0
"1331",2017-03-28,2017,87,1.4
"1332",2017-03-29,2017,88,0
"1333",2017-03-30,2017,89,0
"1334",2017-03-31,2017,90,0
"1335",2017-04-01,2017,91,0
"1336",2017-04-02,2017,92,0
"1337",2017-04-03,2017,93,0
"1338",2017-04-04,2017,94,0
"1339",2017-04-05,2017,95,0
"1340",2017-04-06,2017,96,0
"1341",2017-04-07,2017,97,0
"1342",2017-04-08,2017,98,0
"1343",2017-04-09,2017,99,0
"1344",2017-04-10,2017,100,0
"1345",2017-04-11,2017,101,0
"1346",2017-04-12,2017,102,0
"1347",2017-04-13,2017,103,0
"1348",2017-04-14,2017,104,0
"1349",2017-04-15,2017,105,0
"1350",2017-04-16,2017,106,0
"1351",2017-04-17,2017,107,0
"1352",2017-04-18,2017,108,0
"1353",2017-04-19,2017,109,0
"1354",2017-04-20,2017,110,0
"1355",2017-04-21,2017,111,0
"1356",2017-04-22,2017,112,0
"1357",2017-04-23,2017,113,0
"1358",2017-04-24,2017,114,0
"1359",2017-04-25,2017,115,0
"1360",2017-04-26,2017,116,0
"1361",2017-04-27,2017,117,0
"1362",2017-04-28,2017,118,0.1
"1363",2017-04-29,2017,119,0
"1364",2017-04-30,2017,120,0
"1365",2017-05-01,2017,121,0
"1366",2017-05-02,2017,122,0
"1367",2017-05-03,2017,123,0
"1368",2017-05-04,2017,124,0
"1369",2017-05-05,2017,125,0
"1370",2017-05-06,2017,126,0
"1371",2017-05-07,2017,127,0
"1372",2017-05-08,2017,128,0
"1373",2017-05-09,2017,129,0.2
"1374",2017-05-10,2017,130,0
"1375",2017-05-11,2017,131,0
"1376",2017-05-12,2017,132,0
"1377",2017-05-13,2017,133,0
"1378",2017-05-14,2017,134,0
"1379",2017-05-15,2017,135,0
"1380",2017-05-16,2017,136,0.4
"1381",2017-05-17,2017,137,0
"1382",2017-05-18,2017,138,0
"1383",2017-05-19,2017,139,0
"1384",2017-05-20,2017,140,0
"1385",2017-05-21,2017,141,0
"1386",2017-05-22,2017,142,0
"1387",2017-05-23,2017,143,0
"1388",2017-05-24,2017,144,0
"1389",2017-05-25,2017,145,0
"1390",2017-05-26,2017,146,0
"1391",2017-05-27,2017,147,0
"1392",2017-05-28,2017,148,0
"1393",2017-05-29,2017,149,0
"1394",2017-05-30,2017,150,5.9
"1395",2017-05-31,2017,151,0.1
"1396",2017-06-01,2017,152,5.9
"1397",2017-06-02,2017,153,0
"1398",2017-06-03,2017,154,0
"1399",2017-06-04,2017,155,0
"1400",2017-06-05,2017,156,0
"1401",2017-06-06,2017,157,0
"1402",2017-06-07,2017,158,0
"1403",2017-06-08,2017,159,0
"1404",2017-06-09,2017,160,0
"1405",2017-06-10,2017,161,0
"1406",2017-06-11,2017,162,0
"1407",2017-06-12,2017,163,0
"1408",2017-06-13,2017,164,0
"1409",2017-06-14,2017,165,0
"1410",2017-06-15,2017,166,0
"1411",2017-06-16,2017,167,0
"1412",2017-06-17,2017,168,0
"1413",2017-06-18,2017,169,0
"1414",2017-06-19,2017,170,0
"1415",2017-06-20,2017,171,0
"1416",2017-06-21,2017,172,0
"1417",2017-06-22,2017,173,0
"1418",2017-06-23,2017,174,0
"1419",2017-06-24,2017,175,0.5
"1420",2017-06-25,2017,176,15.7
"1421",2017-06-26,2017,177,0.3
"1422",2017-06-27,2017,178,0
"1423",2017-06-28,2017,179,0
"1424",2017-06-29,2017,180,0
"1425",2017-06-30,2017,181,0
"1426",2017-07-01,2017,182,0
"1427",2017-07-02,2017,183,1.5
"1428",2017-07-03,2017,184,0
"1429",2017-07-04,2017,185,0
"1430",2017-07-05,2017,186,0.8
"1431",2017-07-06,2017,187,0
"1432",2017-07-07,2017,188,0
"1433",2017-07-08,2017,189,0
"1434",2017-07-09,2017,190,8.7
"1435",2017-07-10,2017,191,3.3
"1436",2017-07-11,2017,192,0
"1437",2017-07-12,2017,193,0
"1438",2017-07-13,2017,194,10.3
"1439",2017-07-14,2017,195,0
"1440",2017-07-15,2017,196,0.7
"1441",2017-07-16,2017,197,0
"1442",2017-07-17,2017,198,4.8
"1443",2017-07-18,2017,199,14.6
"1444",2017-07-19,2017,200,4.3
"1445",2017-07-20,2017,201,5.1
"1446",2017-07-21,2017,202,2
"1447",2017-07-22,2017,203,0.1
"1448",2017-07-23,2017,204,10.7
"1449",2017-07-24,2017,205,0.1
"1450",2017-07-25,2017,206,0
"1451",2017-07-26,2017,207,0
"1452",2017-07-27,2017,208,0.4
"1453",2017-07-28,2017,209,0.2
"1454",2017-07-29,2017,210,26.7
"1455",2017-07-30,2017,211,3.1
"1456",2017-07-31,2017,212,11.8
"1457",2017-08-01,2017,213,0.6
"1458",2017-08-02,2017,214,0
"1459",2017-08-03,2017,215,0
"1460",2017-08-04,2017,216,0
"1461",2017-08-05,2017,217,1.7
"1462",2017-08-06,2017,218,0
"1463",2017-08-07,2017,219,0
"1464",2017-08-08,2017,220,0
"1465",2017-08-09,2017,221,0
"1466",2017-08-10,2017,222,0
"1467",2017-08-11,2017,223,2.6
"1468",2017-08-12,2017,224,0.1
"1469",2017-08-13,2017,225,0
"1470",2017-08-14,2017,226,0
"1471",2017-08-15,2017,227,0.2
"1472",2017-08-16,2017,228,0
"1473",2017-08-17,2017,229,0
"1474",2017-08-18,2017,230,0
"1475",2017-08-19,2017,231,22.2
"1476",2017-08-20,2017,232,22.5
"1477",2017-08-21,2017,233,0.1
"1478",2017-08-22,2017,234,0
"1479",2017-08-23,2017,235,14.1
"1480",2017-08-24,2017,236,0.5
"1481",2017-08-25,2017,237,0
"1482",2017-08-26,2017,238,0
"1483",2017-08-27,2017,239,0
"1484",2017-08-28,2017,240,0
"1485",2017-08-29,2017,241,0
"1486",2017-08-30,2017,242,0
"1487",2017-08-31,2017,243,0
"1488",2017-09-01,2017,244,0
"1489",2017-09-02,2017,245,0
"1490",2017-09-03,2017,246,0
"1491",2017-09-04,2017,247,0
"1492",2017-09-05,2017,248,0
"1493",2017-09-06,2017,249,0
"1494",2017-09-07,2017,250,0
"1495",2017-09-08,2017,251,1
"1496",2017-09-09,2017,252,0
"1497",2017-09-10,2017,253,0
"1498",2017-09-11,2017,254,0
"1499",2017-09-12,2017,255,0
"1500",2017-09-13,2017,256,0
"1501",2017-09-14,2017,257,0
"1502",2017-09-15,2017,258,0
"1503",2017-09-16,2017,259,0
"1504",2017-09-17,2017,260,0
"1505",2017-09-18,2017,261,0
"1506",2017-09-19,2017,262,0
"1507",2017-09-20,2017,263,0
"1508",2017-09-21,2017,264,0
"1509",2017-09-22,2017,265,0
"1510",2017-09-23,2017,266,0
"1511",2017-09-24,2017,267,0
"1512",2017-09-25,2017,268,0
"1513",2017-09-26,2017,269,0
"1514",2017-09-27,2017,270,0.2
"1515",2017-09-28,2017,271,0.2
"1516",2017-09-29,2017,272,0
"1517",2017-09-30,2017,273,0
"1518",2017-10-01,2017,274,0
"1519",2017-10-02,2017,275,0
"1520",2017-10-03,2017,276,0.2
"1521",2017-10-04,2017,277,0
"1522",2017-10-05,2017,278,17.4
"1523",2017-10-06,2017,279,0
"1524",2017-10-07,2017,280,0
"1525",2017-10-08,2017,281,0
"1526",2017-10-09,2017,282,0
"1527",2017-10-10,2017,283,0
"1528",2017-10-11,2017,284,0
"1529",2017-10-12,2017,285,0
"1530",2017-10-13,2017,286,0
"1531",2017-10-14,2017,287,0
"1532",2017-10-15,2017,288,0
"1533",2017-10-16,2017,289,0
"1534",2017-10-17,2017,290,0
"1535",2017-10-18,2017,291,0
"1536",2017-10-19,2017,292,5.8
"1537",2017-10-20,2017,293,0.1
"1538",2017-10-21,2017,294,0
"1539",2017-10-22,2017,295,0
"1540",2017-10-23,2017,296,0
"1541",2017-10-24,2017,297,0
"1542",2017-10-25,2017,298,0
"1543",2017-10-26,2017,299,0
"1544",2017-10-27,2017,300,0
"1545",2017-10-28,2017,301,0
"1546",2017-10-29,2017,302,0
"1547",2017-10-30,2017,303,0
"1548",2017-10-31,2017,304,0.3
"1549",2017-11-01,2017,305,0
"1550",2017-11-02,2017,306,0
"1551",2017-11-03,2017,307,0
"1552",2017-11-04,2017,308,0
"1553",2017-11-05,2017,309,0
"1554",2017-11-06,2017,310,0
"1555",2017-11-07,2017,311,0
"1556",2017-11-08,2017,312,7.6
"1557",2017-11-09,2017,313,0.1
"1558",2017-11-10,2017,314,0
"1559",2017-11-11,2017,315,0
"1560",2017-11-12,2017,316,0
"1561",2017-11-13,2017,317,0
"1562",2017-11-14,2017,318,0
"1563",2017-11-15,2017,319,0
"1564",2017-11-16,2017,320,0
"1565",2017-11-17,2017,321,0
"1566",2017-11-18,2017,322,0
"1567",2017-11-19,2017,323,0
"1568",2017-11-20,2017,324,0
"1569",2017-11-21,2017,325,0
"1570",2017-11-22,2017,326,0
"1571",2017-11-23,2017,327,0
"1572",2017-11-24,2017,328,0
"1573",2017-11-25,2017,329,0
"1574",2017-11-26,2017,330,0
"1575",2017-11-27,2017,331,0
"1576",2017-11-28,2017,332,0
"1577",2017-11-29,2017,333,0
"1578",2017-11-30,2017,334,0
"1579",2017-12-01,2017,335,0
"1580",2017-12-02,2017,336,0
"1581",2017-12-03,2017,337,0
"1582",2017-12-04,2017,338,0
"1583",2017-12-05,2017,339,0
"1584",2017-12-06,2017,340,0
"1585",2017-12-07,2017,341,0
"1586",2017-12-08,2017,342,0.1
"1587",2017-12-09,2017,343,0
"1588",2017-12-10,2017,344,0
"1589",2017-12-11,2017,345,0
"1590",2017-12-12,2017,346,0
"1591",2017-12-13,2017,347,0
"1592",2017-12-14,2017,348,0
"1593",2017-12-15,2017,349,0
"1594",2017-12-16,2017,350,0
"1595",2017-12-17,2017,351,3.5
"1596",2017-12-18,2017,352,0.2
"1597",2017-12-19,2017,353,0.2
"1598",2017-12-20,2017,354,0
"1599",2017-12-21,2017,355,0
"1600",2017-12-22,2017,356,0
"1601",2017-12-23,2017,357,0
"1602",2017-12-24,2017,358,0
"1603",2017-12-25,2017,359,0
"1604",2017-12-26,2017,360,0
"1605",2017-12-27,2017,361,0
"1606",2017-12-28,2017,362,0
"1607",2017-12-29,2017,363,0
"1608",2017-12-30,2017,364,0
"1609",2017-12-31,2017,365,0
"1610",2018-01-01,2018,1,0
"1611",2018-01-02,2018,2,0
"1612",2018-01-03,2018,3,0
"1613",2018-01-04,2018,4,0
"1614",2018-01-05,2018,5,0
"1615",2018-01-06,2018,6,0
"1616",2018-01-07,2018,7,0
"1617",2018-01-08,2018,8,0
"1618",2018-01-09,2018,9,0
"1619",2018-01-10,2018,10,0.6
"1620",2018-01-11,2018,11,0
"1621",2018-01-12,2018,12,0
"1622",2018-01-13,2018,13,0
"1623",2018-01-14,2018,14,0
"1624",2018-01-15,2018,15,0
"1625",2018-01-16,2018,16,0
"1626",2018-01-17,2018,17,0
"1627",2018-01-18,2018,18,0
"1628",2018-01-19,2018,19,0
"1629",2018-01-20,2018,20,0
"1630",2018-01-21,2018,21,0
"1631",2018-01-22,2018,22,0
"1632",2018-01-23,2018,23,0
"1633",2018-01-24,2018,24,0
"1634",2018-01-25,2018,25,0
"1635",2018-01-26,2018,26,0
"1636",2018-01-27,2018,27,0
"1637",2018-01-28,2018,28,0
"1638",2018-01-29,2018,29,0
"1639",2018-01-30,2018,30,0
"1640",2018-01-31,2018,31,0
"1641",2018-02-01,2018,32,0
"1642",2018-02-02,2018,33,0
"1643",2018-02-03,2018,34,0
"1644",2018-02-04,2018,35,0
"1645",2018-02-05,2018,36,0
"1646",2018-02-06,2018,37,0
"1647",2018-02-07,2018,38,0
"1648",2018-02-08,2018,39,0
"1649",2018-02-09,2018,40,0
"1650",2018-02-10,2018,41,0
"1651",2018-02-11,2018,42,0
"1652",2018-02-12,2018,43,0
"1653",2018-02-13,2018,44,0
"1654",2018-02-14,2018,45,0
"1655",2018-02-15,2018,46,5.1
"1656",2018-02-16,2018,47,25.7
"1657",2018-02-17,2018,48,1.1
"1658",2018-02-18,2018,49,0.6
"1659",2018-02-19,2018,50,0
"1660",2018-02-20,2018,51,0
"1661",2018-02-21,2018,52,0
"1662",2018-02-22,2018,53,0
"1663",2018-02-23,2018,54,0
"1664",2018-02-24,2018,55,0
"1665",2018-02-25,2018,56,0
"1666",2018-02-26,2018,57,0
"1667",2018-02-27,2018,58,0
"1668",2018-02-28,2018,59,0
"1669",2018-03-01,2018,60,0
"1670",2018-03-02,2018,61,0
"1671",2018-03-03,2018,62,0
"1672",2018-03-04,2018,63,0
"1673",2018-03-05,2018,64,0
"1674",2018-03-06,2018,65,0
"1675",2018-03-07,2018,66,0
"1676",2018-03-08,2018,67,0
"1677",2018-03-09,2018,68,0
"1678",2018-03-10,2018,69,0
"1679",2018-03-11,2018,70,2.4
"1680",2018-03-12,2018,71,0
"1681",2018-03-13,2018,72,0
"1682",2018-03-14,2018,73,0
"1683",2018-03-15,2018,74,0
"1684",2018-03-16,2018,75,0
"1685",2018-03-17,2018,76,0
"1686",2018-03-18,2018,77,0
"1687",2018-03-19,2018,78,0
"1688",2018-03-20,2018,79,0
"1689",2018-03-21,2018,80,0
"1690",2018-03-22,2018,81,0
"1691",2018-03-23,2018,82,0
"1692",2018-03-24,2018,83,0.1
"1693",2018-03-25,2018,84,0
"1694",2018-03-26,2018,85,0
"1695",2018-03-27,2018,86,0
"1696",2018-03-28,2018,87,0
"1697",2018-03-29,2018,88,0
"1698",2018-03-30,2018,89,0
"1699",2018-03-31,2018,90,0
"1700",2018-04-01,2018,91,0
"1701",2018-04-02,2018,92,0
"1702",2018-04-03,2018,93,0
"1703",2018-04-04,2018,94,0
"1704",2018-04-05,2018,95,0
"1705",2018-04-06,2018,96,0
"1706",2018-04-07,2018,97,0
"1707",2018-04-08,2018,98,0
"1708",2018-04-09,2018,99,0
"1709",2018-04-10,2018,100,0
"1710",2018-04-11,2018,101,0
"1711",2018-04-12,2018,102,0
"1712",2018-04-13,2018,103,0
"1713",2018-04-14,2018,104,0
"1714",2018-04-15,2018,105,0
"1715",2018-04-16,2018,106,0
"1716",2018-04-17,2018,107,0
"1717",2018-04-18,2018,108,0
"1718",2018-04-19,2018,109,0
"1719",2018-04-20,2018,110,0
"1720",2018-04-21,2018,111,0
"1721",2018-04-22,2018,112,0
"1722",2018-04-23,2018,113,0
"1723",2018-04-24,2018,114,0
"1724",2018-04-25,2018,115,0
"1725",2018-04-26,2018,116,0
"1726",2018-04-27,2018,117,0
"1727",2018-04-28,2018,118,0.1
"1728",2018-04-29,2018,119,0
"1729",2018-04-30,2018,120,0
"1730",2018-05-01,2018,121,0
"1731",2018-05-02,2018,122,0
"1732",2018-05-03,2018,123,0
"1733",2018-05-04,2018,124,0
"1734",2018-05-05,2018,125,0
"1735",2018-05-06,2018,126,0
"1736",2018-05-07,2018,127,0
"1737",2018-05-08,2018,128,0
"1738",2018-05-09,2018,129,0
"1739",2018-05-10,2018,130,0
"1740",2018-05-11,2018,131,0
"1741",2018-05-12,2018,132,0
"1742",2018-05-13,2018,133,0
"1743",2018-05-14,2018,134,0
"1744",2018-05-15,2018,135,0
"1745",2018-05-16,2018,136,0
"1746",2018-05-17,2018,137,0
"1747",2018-05-18,2018,138,0
"1748",2018-05-19,2018,139,0
"1749",2018-05-20,2018,140,0
"1750",2018-05-21,2018,141,0.4
"1751",2018-05-22,2018,142,0
"1752",2018-05-23,2018,143,0
"1753",2018-05-24,2018,144,NA
"1754",2018-05-25,2018,145,0
"1755",2018-05-26,2018,146,0
"1756",2018-05-27,2018,147,0
"1757",2018-05-28,2018,148,0
"1758",2018-05-29,2018,149,0
"1759",2018-05-30,2018,150,0
"1760",2018-05-31,2018,151,0
"1761",2018-06-01,2018,152,0
"1762",2018-06-02,2018,153,0
"1763",2018-06-03,2018,154,0.7
"1764",2018-06-04,2018,155,0
"1765",2018-06-05,2018,156,0
"1766",2018-06-06,2018,157,0
"1767",2018-06-07,2018,158,0
"1768",2018-06-08,2018,159,0
"1769",2018-06-09,2018,160,0
"1770",2018-06-10,2018,161,0
"1771",2018-06-11,2018,162,0
"1772",2018-06-12,2018,163,0
"1773",2018-06-13,2018,164,1.6
"1774",2018-06-14,2018,165,0.1
"1775",2018-06-15,2018,166,1.5
"1776",2018-06-16,2018,167,21.1
"1777",2018-06-17,2018,168,0
"1778",2018-06-18,2018,169,0
"1779",2018-06-19,2018,170,0
"1780",2018-06-20,2018,171,0
"1781",2018-06-21,2018,172,0
"1782",2018-06-22,2018,173,0
"1783",2018-06-23,2018,174,0
"1784",2018-06-24,2018,175,0
"1785",2018-06-25,2018,176,0
"1786",2018-06-26,2018,177,0
"1787",2018-06-27,2018,178,0
"1788",2018-06-28,2018,179,0
"1789",2018-06-29,2018,180,0
"1790",2018-06-30,2018,181,0
"1791",2018-07-01,2018,182,0
"1792",2018-07-02,2018,183,0
"1793",2018-07-03,2018,184,0
"1794",2018-07-04,2018,185,0
"1795",2018-07-05,2018,186,0.2
"1796",2018-07-06,2018,187,0
"1797",2018-07-07,2018,188,0.7
"1798",2018-07-08,2018,189,0.1
"1799",2018-07-09,2018,190,6
"1800",2018-07-10,2018,191,0
"1801",2018-07-11,2018,192,7.1
"1802",2018-07-12,2018,193,0.1
"1803",2018-07-13,2018,194,0
"1804",2018-07-14,2018,195,0
"1805",2018-07-15,2018,196,0
"1806",2018-07-16,2018,197,0.1
"1807",2018-07-17,2018,198,0
"1808",2018-07-18,2018,199,0
"1809",2018-07-19,2018,200,0.1
"1810",2018-07-20,2018,201,0
"1811",2018-07-21,2018,202,0
"1812",2018-07-22,2018,203,0
"1813",2018-07-23,2018,204,0
"1814",2018-07-24,2018,205,0
"1815",2018-07-25,2018,206,2.9
"1816",2018-07-26,2018,207,8.2
"1817",2018-07-27,2018,208,4.3
"1818",2018-07-28,2018,209,0
"1819",2018-07-29,2018,210,0
"1820",2018-07-30,2018,211,5
"1821",2018-07-31,2018,212,0
"1822",2018-08-01,2018,213,0
"1823",2018-08-02,2018,214,0
"1824",2018-08-03,2018,215,0
"1825",2018-08-04,2018,216,0.1
"1826",2018-08-05,2018,217,0
"1827",2018-08-06,2018,218,0
"1828",2018-08-07,2018,219,0
"1829",2018-08-08,2018,220,0.1
"1830",2018-08-09,2018,221,0
"1831",2018-08-10,2018,222,0.4
"1832",2018-08-11,2018,223,1
"1833",2018-08-12,2018,224,0
"1834",2018-08-13,2018,225,0
"1835",2018-08-14,2018,226,0
"1836",2018-08-15,2018,227,0
"1837",2018-08-16,2018,228,0
"1838",2018-08-17,2018,229,0.1
"1839",2018-08-18,2018,230,0
"1840",2018-08-19,2018,231,0
"1841",2018-08-20,2018,232,0
"1842",2018-08-21,2018,233,2.1
"1843",2018-08-22,2018,234,0.8
"1844",2018-08-23,2018,235,1.4
"1845",2018-08-24,2018,236,0
"1846",2018-08-25,2018,237,0
"1847",2018-08-26,2018,238,0
"1848",2018-08-27,2018,239,0
"1849",2018-08-28,2018,240,0
"1850",2018-08-29,2018,241,0
"1851",2018-08-30,2018,242,0
"1852",2018-08-31,2018,243,0
"1853",2018-09-01,2018,244,0.6
"1854",2018-09-02,2018,245,0.7
"1855",2018-09-03,2018,246,0
"1856",2018-09-04,2018,247,0
"1857",2018-09-05,2018,248,0
"1858",2018-09-06,2018,249,3.4
"1859",2018-09-07,2018,250,9
"1860",2018-09-08,2018,251,0
"1861",2018-09-09,2018,252,0.2
"1862",2018-09-10,2018,253,0
"1863",2018-09-11,2018,254,0
"1864",2018-09-12,2018,255,0
"1865",2018-09-13,2018,256,0
"1866",2018-09-14,2018,257,0
"1867",2018-09-15,2018,258,0
"1868",2018-09-16,2018,259,0
"1869",2018-09-17,2018,260,0
"1870",2018-09-18,2018,261,0
"1871",2018-09-19,2018,262,0.9
"1872",2018-09-20,2018,263,11
"1873",2018-09-21,2018,264,0
"1874",2018-09-22,2018,265,0
"1875",2018-09-23,2018,266,0
"1876",2018-09-24,2018,267,0
"1877",2018-09-25,2018,268,0
"1878",2018-09-26,2018,269,0
"1879",2018-09-27,2018,270,0
"1880",2018-09-28,2018,271,0
"1881",2018-09-29,2018,272,0
"1882",2018-09-30,2018,273,0
"1883",2018-10-01,2018,274,2.2
"1884",2018-10-02,2018,275,1.4
"1885",2018-10-03,2018,276,0
"1886",2018-10-04,2018,277,0
"1887",2018-10-05,2018,278,0
"1888",2018-10-06,2018,279,0.3
"1889",2018-10-07,2018,280,1.2
"1890",2018-10-08,2018,281,0.2
"1891",2018-10-09,2018,282,0
"1892",2018-10-10,2018,283,0
"1893",2018-10-11,2018,284,0
"1894",2018-10-12,2018,285,10.2
"1895",2018-10-13,2018,286,0.4
"1896",2018-10-14,2018,287,0
"1897",2018-10-15,2018,288,0
"1898",2018-10-16,2018,289,0
"1899",2018-10-17,2018,290,0
"1900",2018-10-18,2018,291,0.4
"1901",2018-10-19,2018,292,0
"1902",2018-10-20,2018,293,0
"1903",2018-10-21,2018,294,0
"1904",2018-10-22,2018,295,0
"1905",2018-10-23,2018,296,38.1
"1906",2018-10-24,2018,297,0.2
"1907",2018-10-25,2018,298,0.1
"1908",2018-10-26,2018,299,0.1
"1909",2018-10-27,2018,300,0
"1910",2018-10-28,2018,301,0
"1911",2018-10-29,2018,302,0
"1912",2018-10-30,2018,303,0
"1913",2018-10-31,2018,304,1.8
"1914",2018-11-01,2018,305,0
"1915",2018-11-02,2018,306,0
"1916",2018-11-03,2018,307,0
"1917",2018-11-04,2018,308,0
"1918",2018-11-05,2018,309,0
"1919",2018-11-06,2018,310,0
"1920",2018-11-07,2018,311,0
"1921",2018-11-08,2018,312,0
"1922",2018-11-09,2018,313,0
"1923",2018-11-10,2018,314,0
"1924",2018-11-11,2018,315,0
"1925",2018-11-12,2018,316,0
"1926",2018-11-13,2018,317,0
"1927",2018-11-14,2018,318,0
"1928",2018-11-15,2018,319,0
"1929",2018-11-16,2018,320,0
"1930",2018-11-17,2018,321,0
"1931",2018-11-18,2018,322,0
"1932",2018-11-19,2018,323,0
"1933",2018-11-20,2018,324,0
"1934",2018-11-21,2018,325,0
"1935",2018-11-22,2018,326,0
"1936",2018-11-23,2018,327,0
"1937",2018-11-24,2018,328,0
"1938",2018-11-25,2018,329,0
"1939",2018-11-26,2018,330,0
"1940",2018-11-27,2018,331,0
"1941",2018-11-28,2018,332,0
"1942",2018-11-29,2018,333,0
"1943",2018-11-30,2018,334,0.7
"1944",2018-12-01,2018,335,0
"1945",2018-12-02,2018,336,0
"1946",2018-12-03,2018,337,0
"1947",2018-12-04,2018,338,0
"1948",2018-12-05,2018,339,0
"1949",2018-12-06,2018,340,1.2
"1950",2018-12-07,2018,341,2.3
"1951",2018-12-08,2018,342,2.1
"1952",2018-12-09,2018,343,0.1
"1953",2018-12-10,2018,344,0.1
"1954",2018-12-11,2018,345,0
"1955",2018-12-12,2018,346,0
"1956",2018-12-13,2018,347,0
"1957",2018-12-14,2018,348,0
"1958",2018-12-15,2018,349,0
"1959",2018-12-16,2018,350,0.2
"1960",2018-12-17,2018,351,0.9
"1961",2018-12-18,2018,352,1.1
"1962",2018-12-19,2018,353,0
"1963",2018-12-20,2018,354,0
"1964",2018-12-21,2018,355,0
"1965",2018-12-22,2018,356,0
"1966",2018-12-23,2018,357,0
"1967",2018-12-24,2018,358,0
"1968",2018-12-25,2018,359,0
"1969",2018-12-26,2018,360,4.2
"1970",2018-12-27,2018,361,0
"1971",2018-12-28,2018,362,0.2
"1972",2018-12-29,2018,363,0.5
"1973",2018-12-30,2018,364,0
"1974",2018-12-31,2018,365,0
"1975",2019-01-01,2019,1,0
"1976",2019-01-02,2019,2,0
"1977",2019-01-03,2019,3,0
"1978",2019-01-04,2019,4,0
"1979",2019-01-05,2019,5,0
"1980",2019-01-06,2019,6,0.3
"1981",2019-01-07,2019,7,0
"1982",2019-01-08,2019,8,0
"1983",2019-01-09,2019,9,0
"1984",2019-01-10,2019,10,1.8
"1985",2019-01-11,2019,11,0.3
"1986",2019-01-12,2019,12,0
"1987",2019-01-13,2019,13,0
"1988",2019-01-14,2019,14,0
"1989",2019-01-15,2019,15,0
"1990",2019-01-16,2019,16,0
"1991",2019-01-17,2019,17,0
"1992",2019-01-18,2019,18,0
"1993",2019-01-19,2019,19,0
"1994",2019-01-20,2019,20,0
"1995",2019-01-21,2019,21,0
"1996",2019-01-22,2019,22,0
"1997",2019-01-23,2019,23,0
"1998",2019-01-24,2019,24,0
"1999",2019-01-25,2019,25,0
"2000",2019-01-26,2019,26,0
"2001",2019-01-27,2019,27,0
"2002",2019-01-28,2019,28,0
"2003",2019-01-29,2019,29,0
"2004",2019-01-30,2019,30,0
"2005",2019-01-31,2019,31,0
"2006",2019-02-01,2019,32,0
"2007",2019-02-02,2019,33,0
"2008",2019-02-03,2019,34,0
"2009",2019-02-04,2019,35,0
"2010",2019-02-05,2019,36,0.4
"2011",2019-02-06,2019,37,0
"2012",2019-02-07,2019,38,0
"2013",2019-02-08,2019,39,0
"2014",2019-02-09,2019,40,0
"2015",2019-02-10,2019,41,0
"2016",2019-02-11,2019,42,0
"2017",2019-02-12,2019,43,0
"2018",2019-02-13,2019,44,0
"2019",2019-02-14,2019,45,0
"2020",2019-02-15,2019,46,0
"2021",2019-02-16,2019,47,0
"2022",2019-02-17,2019,48,0
"2023",2019-02-18,2019,49,0
"2024",2019-02-19,2019,50,0
"2025",2019-02-20,2019,51,0
"2026",2019-02-21,2019,52,0
"2027",2019-02-22,2019,53,0
"2028",2019-02-23,2019,54,0
"2029",2019-02-24,2019,55,0
"2030",2019-02-25,2019,56,0
"2031",2019-02-26,2019,57,0
"2032",2019-02-27,2019,58,0
"2033",2019-02-28,2019,59,0
"2034",2019-03-01,2019,60,0
"2035",2019-03-02,2019,61,0
"2036",2019-03-03,2019,62,0
"2037",2019-03-04,2019,63,0
"2038",2019-03-05,2019,64,0
"2039",2019-03-06,2019,65,0
"2040",2019-03-07,2019,66,0
"2041",2019-03-08,2019,67,0.2
"2042",2019-03-09,2019,68,0
"2043",2019-03-10,2019,69,0.1
"2044",2019-03-11,2019,70,0
"2045",2019-03-12,2019,71,2.3
"2046",2019-03-13,2019,72,0
"2047",2019-03-14,2019,73,0
"2048",2019-03-15,2019,74,0
"2049",2019-03-16,2019,75,10.2
"2050",2019-03-17,2019,76,2.1
"2051",2019-03-18,2019,77,0
"2052",2019-03-19,2019,78,0
"2053",2019-03-20,2019,79,0
"2054",2019-03-21,2019,80,0
"2055",2019-03-22,2019,81,0
"2056",2019-03-23,2019,82,0
"2057",2019-03-24,2019,83,0
"2058",2019-03-25,2019,84,0
"2059",2019-03-26,2019,85,0
"2060",2019-03-27,2019,86,0
"2061",2019-03-28,2019,87,0
"2062",2019-03-29,2019,88,0
"2063",2019-03-30,2019,89,0
"2064",2019-03-31,2019,90,0
"2065",2019-04-01,2019,91,0
"2066",2019-04-02,2019,92,0
"2067",2019-04-03,2019,93,0
"2068",2019-04-04,2019,94,0
"2069",2019-04-05,2019,95,0
"2070",2019-04-06,2019,96,0
"2071",2019-04-07,2019,97,0
"2072",2019-04-08,2019,98,0
"2073",2019-04-09,2019,99,0
"2074",2019-04-10,2019,100,0
"2075",2019-04-11,2019,101,0
"2076",2019-04-12,2019,102,0
"2077",2019-04-13,2019,103,0
"2078",2019-04-14,2019,104,0
"2079",2019-04-15,2019,105,0
"2080",2019-04-16,2019,106,0
"2081",2019-04-17,2019,107,2.3
"2082",2019-04-18,2019,108,0.1
"2083",2019-04-19,2019,109,0
"2084",2019-04-20,2019,110,0
"2085",2019-04-21,2019,111,0
"2086",2019-04-22,2019,112,0.9
"2087",2019-04-23,2019,113,0.9
"2088",2019-04-24,2019,114,0.1
"2089",2019-04-25,2019,115,0
"2090",2019-04-26,2019,116,0
"2091",2019-04-27,2019,117,0
"2092",2019-04-28,2019,118,0
"2093",2019-04-29,2019,119,0
"2094",2019-04-30,2019,120,0
"2095",2019-05-01,2019,121,0
"2096",2019-05-02,2019,122,0
"2097",2019-05-03,2019,123,0
"2098",2019-05-04,2019,124,0
"2099",2019-05-05,2019,125,0
"2100",2019-05-06,2019,126,0
"2101",2019-05-07,2019,127,0
"2102",2019-05-08,2019,128,0
"2103",2019-05-09,2019,129,0
"2104",2019-05-10,2019,130,1.7
"2105",2019-05-11,2019,131,0.1
"2106",2019-05-12,2019,132,0.7
"2107",2019-05-13,2019,133,0
"2108",2019-05-14,2019,134,0
"2109",2019-05-15,2019,135,0
"2110",2019-05-16,2019,136,0
"2111",2019-05-17,2019,137,0
"2112",2019-05-18,2019,138,0
"2113",2019-05-19,2019,139,0
"2114",2019-05-20,2019,140,0
"2115",2019-05-21,2019,141,0
"2116",2019-05-22,2019,142,0
"2117",2019-05-23,2019,143,0
"2118",2019-05-24,2019,144,0
"2119",2019-05-25,2019,145,0
"2120",2019-05-26,2019,146,1.2
"2121",2019-05-27,2019,147,0
"2122",2019-05-28,2019,148,0
"2123",2019-05-29,2019,149,0
"2124",2019-05-30,2019,150,0
"2125",2019-05-31,2019,151,0
"2126",2019-06-01,2019,152,0
"2127",2019-06-02,2019,153,0
"2128",2019-06-03,2019,154,0
"2129",2019-06-04,2019,155,0
"2130",2019-06-05,2019,156,0
"2131",2019-06-06,2019,157,0
"2132",2019-06-07,2019,158,0
"2133",2019-06-08,2019,159,0
"2134",2019-06-09,2019,160,0
"2135",2019-06-10,2019,161,25.3
"2136",2019-06-11,2019,162,0.1
"2137",2019-06-12,2019,163,0
"2138",2019-06-13,2019,164,0
"2139",2019-06-14,2019,165,0
"2140",2019-06-15,2019,166,0
"2141",2019-06-16,2019,167,0
"2142",2019-06-17,2019,168,0
"2143",2019-06-18,2019,169,0
"2144",2019-06-19,2019,170,0
"2145",2019-06-20,2019,171,0
"2146",2019-06-21,2019,172,0
"2147",2019-06-22,2019,173,0
"2148",2019-06-23,2019,174,0
"2149",2019-06-24,2019,175,0
"2150",2019-06-25,2019,176,0
"2151",2019-06-26,2019,177,0
"2152",2019-06-27,2019,178,4.2
"2153",2019-06-28,2019,179,1.3
"2154",2019-06-29,2019,180,0
"2155",2019-06-30,2019,181,0
"2156",2019-07-01,2019,182,0
"2157",2019-07-02,2019,183,0
"2158",2019-07-03,2019,184,0
"2159",2019-07-04,2019,185,0
"2160",2019-07-05,2019,186,0
"2161",2019-07-06,2019,187,0
"2162",2019-07-07,2019,188,2.4
"2163",2019-07-08,2019,189,0
"2164",2019-07-09,2019,190,0
"2165",2019-07-10,2019,191,0
"2166",2019-07-11,2019,192,1.1
"2167",2019-07-12,2019,193,0
"2168",2019-07-13,2019,194,0
"2169",2019-07-14,2019,195,0
"2170",2019-07-15,2019,196,0
"2171",2019-07-16,2019,197,0
"2172",2019-07-17,2019,198,0
"2173",2019-07-18,2019,199,0
"2174",2019-07-19,2019,200,0.2
"2175",2019-07-20,2019,201,0
"2176",2019-07-21,2019,202,0
"2177",2019-07-22,2019,203,0
"2178",2019-07-23,2019,204,0.2
"2179",2019-07-24,2019,205,0
"2180",2019-07-25,2019,206,0
"2181",2019-07-26,2019,207,0
"2182",2019-07-27,2019,208,1.3
"2183",2019-07-28,2019,209,2.6
"2184",2019-07-29,2019,210,1.2
"2185",2019-07-30,2019,211,0
"2186",2019-07-31,2019,212,0
"2187",2019-08-01,2019,213,0.6
"2188",2019-08-02,2019,214,0.2
"2189",2019-08-03,2019,215,6.6
"2190",2019-08-04,2019,216,2.3
"2191",2019-08-05,2019,217,0
"2192",2019-08-06,2019,218,9
"2193",2019-08-07,2019,219,5.7
"2194",2019-08-08,2019,220,0
"2195",2019-08-09,2019,221,0
"2196",2019-08-10,2019,222,5
"2197",2019-08-11,2019,223,0
"2198",2019-08-12,2019,224,0
"2199",2019-08-13,2019,225,0
"2200",2019-08-14,2019,226,6.9
"2201",2019-08-15,2019,227,0
"2202",2019-08-16,2019,228,0
"2203",2019-08-17,2019,229,0
"2204",2019-08-18,2019,230,0
"2205",2019-08-19,2019,231,0
"2206",2019-08-20,2019,232,0
"2207",2019-08-21,2019,233,8.5
"2208",2019-08-22,2019,234,0
"2209",2019-08-23,2019,235,0
"2210",2019-08-24,2019,236,0
"2211",2019-08-25,2019,237,0
"2212",2019-08-26,2019,238,0
"2213",2019-08-27,2019,239,0
"2214",2019-08-28,2019,240,5.3
"2215",2019-08-29,2019,241,0
"2216",2019-08-30,2019,242,3.3
"2217",2019-08-31,2019,243,0
"2218",2019-09-01,2019,244,0
"2219",2019-09-02,2019,245,0
"2220",2019-09-03,2019,246,0
"2221",2019-09-04,2019,247,0
"2222",2019-09-05,2019,248,0
"2223",2019-09-06,2019,249,0
"2224",2019-09-07,2019,250,8.3
"2225",2019-09-08,2019,251,0.1
"2226",2019-09-09,2019,252,0
"2227",2019-09-10,2019,253,0
"2228",2019-09-11,2019,254,0
"2229",2019-09-12,2019,255,0
"2230",2019-09-13,2019,256,14.9
"2231",2019-09-14,2019,257,2.8
"2232",2019-09-15,2019,258,9.8
"2233",2019-09-16,2019,259,0
"2234",2019-09-17,2019,260,0
"2235",2019-09-18,2019,261,0
"2236",2019-09-19,2019,262,0.9
"2237",2019-09-20,2019,263,0
"2238",2019-09-21,2019,264,0
"2239",2019-09-22,2019,265,0
"2240",2019-09-23,2019,266,0.1
"2241",2019-09-24,2019,267,0
"2242",2019-09-25,2019,268,0
"2243",2019-09-26,2019,269,0
"2244",2019-09-27,2019,270,0
"2245",2019-09-28,2019,271,0
"2246",2019-09-29,2019,272,0
"2247",2019-09-30,2019,273,0
"2248",2019-10-01,2019,274,0
"2249",2019-10-02,2019,275,0
"2250",2019-10-03,2019,276,7.7
"2251",2019-10-04,2019,277,26.4
"2252",2019-10-05,2019,278,0.1
"2253",2019-10-06,2019,279,0
"2254",2019-10-07,2019,280,0
"2255",2019-10-08,2019,281,3.5
"2256",2019-10-09,2019,282,0
"2257",2019-10-10,2019,283,0
"2258",2019-10-11,2019,284,0
"2259",2019-10-12,2019,285,0
"2260",2019-10-13,2019,286,0
"2261",2019-10-14,2019,287,0
"2262",2019-10-15,2019,288,0.1
"2263",2019-10-16,2019,289,0
"2264",2019-10-17,2019,290,0
"2265",2019-10-18,2019,291,0.4
"2266",2019-10-19,2019,292,0
"2267",2019-10-20,2019,293,0
"2268",2019-10-21,2019,294,0
"2269",2019-10-22,2019,295,0
"2270",2019-10-23,2019,296,0
"2271",2019-10-24,2019,297,0
"2272",2019-10-25,2019,298,0
"2273",2019-10-26,2019,299,0
"2274",2019-10-27,2019,300,0
"2275",2019-10-28,2019,301,0
"2276",2019-10-29,2019,302,0
"2277",2019-10-30,2019,303,0
"2278",2019-10-31,2019,304,0
"2279",2019-11-01,2019,305,0
"2280",2019-11-02,2019,306,0
"2281",2019-11-03,2019,307,0
"2282",2019-11-04,2019,308,0
"2283",2019-11-05,2019,309,0
"2284",2019-11-06,2019,310,0.9
"2285",2019-11-07,2019,311,0
"2286",2019-11-08,2019,312,0
"2287",2019-11-09,2019,313,0
"2288",2019-11-10,2019,314,0
"2289",2019-11-11,2019,315,0
"2290",2019-11-12,2019,316,0
"2291",2019-11-13,2019,317,0
"2292",2019-11-14,2019,318,0
"2293",2019-11-15,2019,319,0
"2294",2019-11-16,2019,320,0
"2295",2019-11-17,2019,321,0
"2296",2019-11-18,2019,322,0
"2297",2019-11-19,2019,323,2.1
"2298",2019-11-20,2019,324,4.6
"2299",2019-11-21,2019,325,5.8
"2300",2019-11-22,2019,326,0.2
"2301",2019-11-23,2019,327,0.1
"2302",2019-11-24,2019,328,0
"2303",2019-11-25,2019,329,0
"2304",2019-11-26,2019,330,0
"2305",2019-11-27,2019,331,19.8
"2306",2019-11-28,2019,332,15.2
"2307",2019-11-29,2019,333,0.3
"2308",2019-11-30,2019,334,0
"2309",2019-12-01,2019,335,0.1
"2310",2019-12-02,2019,336,0
"2311",2019-12-03,2019,337,0.1
"2312",2019-12-04,2019,338,0
"2313",2019-12-05,2019,339,0
"2314",2019-12-06,2019,340,0.1
"2315",2019-12-07,2019,341,0
"2316",2019-12-08,2019,342,0
"2317",2019-12-09,2019,343,5.4
"2318",2019-12-10,2019,344,0.2
"2319",2019-12-11,2019,345,0.1
"2320",2019-12-12,2019,346,0.1
"2321",2019-12-13,2019,347,0
"2322",2019-12-14,2019,348,0
"2323",2019-12-15,2019,349,0
"2324",2019-12-16,2019,350,0
"2325",2019-12-17,2019,351,0
"2326",2019-12-18,2019,352,0
"2327",2019-12-19,2019,353,0
"2328",2019-12-20,2019,354,0
"2329",2019-12-21,2019,355,0
"2330",2019-12-22,2019,356,0
"2331",2019-12-23,2019,357,0
"2332",2019-12-24,2019,358,1.1
"2333",2019-12-25,2019,359,0.2
"2334",2019-12-26,2019,360,0.1
"2335",2019-12-27,2019,361,0.1
"2336",2019-12-28,2019,362,0.2
"2337",2019-12-29,2019,363,0
"2338",2019-12-30,2019,364,0
"2339",2019-12-31,2019,365,0
"2340",2020-01-01,2020,1,0
"2341",2020-01-02,2020,2,0
"2342",2020-01-03,2020,3,0
"2343",2020-01-04,2020,4,0
"2344",2020-01-05,2020,5,0
"2345",2020-01-06,2020,6,0
"2346",2020-01-07,2020,7,0
"2347",2020-01-08,2020,8,0
"2348",2020-01-09,2020,9,0
"2349",2020-01-10,2020,10,0
"2350",2020-01-11,2020,11,0
"2351",2020-01-12,2020,12,0
"2352",2020-01-13,2020,13,0
"2353",2020-01-14,2020,14,0
"2354",2020-01-15,2020,15,0
"2355",2020-01-16,2020,16,0.8
"2356",2020-01-17,2020,17,0
"2357",2020-01-18,2020,18,0
"2358",2020-01-19,2020,19,0
"2359",2020-01-20,2020,20,0
"2360",2020-01-21,2020,21,0.5
"2361",2020-01-22,2020,22,0.2
"2362",2020-01-23,2020,23,0
"2363",2020-01-24,2020,24,0
"2364",2020-01-25,2020,25,0
"2365",2020-01-26,2020,26,0
"2366",2020-01-27,2020,27,0.1
"2367",2020-01-28,2020,28,0
"2368",2020-01-29,2020,29,0
"2369",2020-01-30,2020,30,0
"2370",2020-01-31,2020,31,0
"2371",2020-02-01,2020,32,0
"2372",2020-02-02,2020,33,0
"2373",2020-02-03,2020,34,0
"2374",2020-02-04,2020,35,0.4
"2375",2020-02-05,2020,36,0.1
"2376",2020-02-06,2020,37,0
"2377",2020-02-07,2020,38,0
"2378",2020-02-08,2020,39,0
"2379",2020-02-09,2020,40,0
"2380",2020-02-10,2020,41,9.6
"2381",2020-02-11,2020,42,2
"2382",2020-02-12,2020,43,4.9
"2383",2020-02-13,2020,44,0.1
"2384",2020-02-14,2020,45,0
"2385",2020-02-15,2020,46,0.1
"2386",2020-02-16,2020,47,0
"2387",2020-02-17,2020,48,0
"2388",2020-02-18,2020,49,0
"2389",2020-02-19,2020,50,0
"2390",2020-02-20,2020,51,0
"2391",2020-02-21,2020,52,0
"2392",2020-02-22,2020,53,0
"2393",2020-02-23,2020,54,0
"2394",2020-02-24,2020,55,0
"2395",2020-02-25,2020,56,0
"2396",2020-02-26,2020,57,0
"2397",2020-02-27,2020,58,0
"2398",2020-02-28,2020,59,0
"2399",2020-02-29,2020,60,0
"2400",2020-03-01,2020,61,0
"2401",2020-03-02,2020,62,0
"2402",2020-03-03,2020,63,9.2
"2403",2020-03-04,2020,64,0.4
"2404",2020-03-05,2020,65,0
"2405",2020-03-06,2020,66,0
"2406",2020-03-07,2020,67,0
"2407",2020-03-08,2020,68,6.2
"2408",2020-03-09,2020,69,0.2
"2409",2020-03-10,2020,70,0
"2410",2020-03-11,2020,71,0
"2411",2020-03-12,2020,72,1.7
"2412",2020-03-13,2020,73,1
"2413",2020-03-14,2020,74,0
"2414",2020-03-15,2020,75,0
"2415",2020-03-16,2020,76,0
"2416",2020-03-17,2020,77,0.1
"2417",2020-03-18,2020,78,13
"2418",2020-03-19,2020,79,0.1
"2419",2020-03-20,2020,80,0.1
"2420",2020-03-21,2020,81,0
"2421",2020-03-22,2020,82,0
"2422",2020-03-23,2020,83,0
"2423",2020-03-24,2020,84,0
"2424",2020-03-25,2020,85,0
"2425",2020-03-26,2020,86,0
"2426",2020-03-27,2020,87,0
"2427",2020-03-28,2020,88,0
"2428",2020-03-29,2020,89,0
"2429",2020-03-30,2020,90,0
"2430",2020-03-31,2020,91,0
"2431",2020-04-01,2020,92,0
"2432",2020-04-02,2020,93,0
"2433",2020-04-03,2020,94,0
"2434",2020-04-04,2020,95,0
"2435",2020-04-05,2020,96,0
"2436",2020-04-06,2020,97,0
"2437",2020-04-07,2020,98,0
"2438",2020-04-08,2020,99,0
"2439",2020-04-09,2020,100,0
"2440",2020-04-10,2020,101,0
"2441",2020-04-11,2020,102,0
"2442",2020-04-12,2020,103,0
"2443",2020-04-13,2020,104,0
"2444",2020-04-14,2020,105,0
"2445",2020-04-15,2020,106,0
"2446",2020-04-16,2020,107,0
"2447",2020-04-17,2020,108,0
"2448",2020-04-18,2020,109,0
"2449",2020-04-19,2020,110,0
"2450",2020-04-20,2020,111,0
"2451",2020-04-21,2020,112,0
"2452",2020-04-22,2020,113,0
"2453",2020-04-23,2020,114,0
"2454",2020-04-24,2020,115,0
"2455",2020-04-25,2020,116,0
"2456",2020-04-26,2020,117,0
"2457",2020-04-27,2020,118,0
"2458",2020-04-28,2020,119,0
"2459",2020-04-29,2020,120,0
"2460",2020-04-30,2020,121,0
"2461",2020-05-01,2020,122,0
"2462",2020-05-02,2020,123,0
"2463",2020-05-03,2020,124,0
"2464",2020-05-04,2020,125,0
"2465",2020-05-05,2020,126,0
"2466",2020-05-06,2020,127,0
"2467",2020-05-07,2020,128,0
"2468",2020-05-08,2020,129,0
"2469",2020-05-09,2020,130,0
"2470",2020-05-10,2020,131,0
"2471",2020-05-11,2020,132,1.3
"2472",2020-05-12,2020,133,0
"2473",2020-05-13,2020,134,0
"2474",2020-05-14,2020,135,0
"2475",2020-05-15,2020,136,0
"2476",2020-05-16,2020,137,0
"2477",2020-05-17,2020,138,0
"2478",2020-05-18,2020,139,0
"2479",2020-05-19,2020,140,0
"2480",2020-05-20,2020,141,0
"2481",2020-05-21,2020,142,0
"2482",2020-05-22,2020,143,0
"2483",2020-05-23,2020,144,0
"2484",2020-05-24,2020,145,0
"2485",2020-05-25,2020,146,0
"2486",2020-05-26,2020,147,0
"2487",2020-05-27,2020,148,0
"2488",2020-05-28,2020,149,0.3
"2489",2020-05-29,2020,150,0
"2490",2020-05-30,2020,151,0
"2491",2020-05-31,2020,152,0
"2492",2020-06-01,2020,153,0
"2493",2020-06-02,2020,154,0
"2494",2020-06-03,2020,155,0
"2495",2020-06-04,2020,156,0
"2496",2020-06-05,2020,157,0.4
"2497",2020-06-06,2020,158,0
"2498",2020-06-07,2020,159,0
"2499",2020-06-08,2020,160,0
"2500",2020-06-09,2020,161,0
"2501",2020-06-10,2020,162,0
"2502",2020-06-11,2020,163,7.4
"2503",2020-06-12,2020,164,0
"2504",2020-06-13,2020,165,0
"2505",2020-06-14,2020,166,0
"2506",2020-06-15,2020,167,0
"2507",2020-06-16,2020,168,0
"2508",2020-06-17,2020,169,0
"2509",2020-06-18,2020,170,0
"2510",2020-06-19,2020,171,0
"2511",2020-06-20,2020,172,0
"2512",2020-06-21,2020,173,0
"2513",2020-06-22,2020,174,0
"2514",2020-06-23,2020,175,0
"2515",2020-06-24,2020,176,4.1
"2516",2020-06-25,2020,177,0
"2517",2020-06-26,2020,178,0
"2518",2020-06-27,2020,179,0.4
"2519",2020-06-28,2020,180,0
"2520",2020-06-29,2020,181,0
"2521",2020-06-30,2020,182,0
"2522",2020-07-01,2020,183,0
"2523",2020-07-02,2020,184,0
"2524",2020-07-03,2020,185,0
"2525",2020-07-04,2020,186,0
"2526",2020-07-05,2020,187,0
"2527",2020-07-06,2020,188,3.6
"2528",2020-07-07,2020,189,0
"2529",2020-07-08,2020,190,0
"2530",2020-07-09,2020,191,0
"2531",2020-07-10,2020,192,0
"2532",2020-07-11,2020,193,0
"2533",2020-07-12,2020,194,0
"2534",2020-07-13,2020,195,0
"2535",2020-07-14,2020,196,0.6
"2536",2020-07-15,2020,197,4.5
"2537",2020-07-16,2020,198,0
"2538",2020-07-17,2020,199,0
"2539",2020-07-18,2020,200,0
"2540",2020-07-19,2020,201,0.9
"2541",2020-07-20,2020,202,0
"2542",2020-07-21,2020,203,0
"2543",2020-07-22,2020,204,11.6
"2544",2020-07-23,2020,205,0.1
"2545",2020-07-24,2020,206,32.7
"2546",2020-07-25,2020,207,0.1
"2547",2020-07-26,2020,208,0.5
"2548",2020-07-27,2020,209,0
"2549",2020-07-28,2020,210,0
"2550",2020-07-29,2020,211,3.9
"2551",2020-07-30,2020,212,0
"2552",2020-07-31,2020,213,0
"2553",2020-08-01,2020,214,2.5
"2554",2020-08-02,2020,215,1.1
"2555",2020-08-03,2020,216,0
"2556",2020-08-04,2020,217,0
"2557",2020-08-05,2020,218,0
"2558",2020-08-06,2020,219,0
"2559",2020-08-07,2020,220,0.4
"2560",2020-08-08,2020,221,0
"2561",2020-08-09,2020,222,0.1
"2562",2020-08-10,2020,223,0
"2563",2020-08-11,2020,224,NA
"2564",2020-08-12,2020,225,NA
"2565",2020-08-13,2020,226,NA
"2566",2020-08-14,2020,227,NA
"2567",2020-08-15,2020,228,NA
"2568",2020-08-16,2020,229,NA
"2569",2020-08-17,2020,230,NA
"2570",2020-08-18,2020,231,NA
"2571",2020-08-19,2020,232,NA
"2572",2020-08-20,2020,233,NA
"2573",2020-08-21,2020,234,NA
"2574",2020-08-22,2020,235,NA
"2575",2020-08-23,2020,236,NA
"2576",2020-08-24,2020,237,NA
"2577",2020-08-25,2020,238,NA
"2578",2020-08-26,2020,239,NA
"2579",2020-08-27,2020,240,NA
"2580",2020-08-28,2020,241,NA
"2581",2020-08-29,2020,242,NA
"2582",2020-08-30,2020,243,NA
"2583",2020-08-31,2020,244,NA
"2584",2020-09-01,2020,245,NA
"2585",2020-09-02,2020,246,NA
"2586",2020-09-03,2020,247,NA
"2587",2020-09-04,2020,248,0
"2588",2020-09-05,2020,249,0
"2589",2020-09-06,2020,250,0
"2590",2020-09-07,2020,251,0
"2591",2020-09-08,2020,252,4.4
"2592",2020-09-09,2020,253,16.2
"2593",2020-09-10,2020,254,0
"2594",2020-09-11,2020,255,0.1
"2595",2020-09-12,2020,256,0.2
"2596",2020-09-13,2020,257,0.1
"2597",2020-09-14,2020,258,0
"2598",2020-09-15,2020,259,0
"2599",2020-09-16,2020,260,0
"2600",2020-09-17,2020,261,0
"2601",2020-09-18,2020,262,0
"2602",2020-09-19,2020,263,0
"2603",2020-09-20,2020,264,0
"2604",2020-09-21,2020,265,0
"2605",2020-09-22,2020,266,0
"2606",2020-09-23,2020,267,0
"2607",2020-09-24,2020,268,0
"2608",2020-09-25,2020,269,0
"2609",2020-09-26,2020,270,0
"2610",2020-09-27,2020,271,0
"2611",2020-09-28,2020,272,0
"2612",2020-09-29,2020,273,0
"2613",2020-09-30,2020,274,0
"2614",2020-10-01,2020,275,0
"2615",2020-10-02,2020,276,0
"2616",2020-10-03,2020,277,0
"2617",2020-10-04,2020,278,0
"2618",2020-10-05,2020,279,0
"2619",2020-10-06,2020,280,0
"2620",2020-10-07,2020,281,0
"2621",2020-10-08,2020,282,0
"2622",2020-10-09,2020,283,0
"2623",2020-10-10,2020,284,0
"2624",2020-10-11,2020,285,0
"2625",2020-10-12,2020,286,0
"2626",2020-10-13,2020,287,0
"2627",2020-10-14,2020,288,0
"2628",2020-10-15,2020,289,0
"2629",2020-10-16,2020,290,0
"2630",2020-10-17,2020,291,0
"2631",2020-10-18,2020,292,0
"2632",2020-10-19,2020,293,0
"2633",2020-10-20,2020,294,0
"2634",2020-10-21,2020,295,0
"2635",2020-10-22,2020,296,0
"2636",2020-10-23,2020,297,0
"2637",2020-10-24,2020,298,0
"2638",2020-10-25,2020,299,0
"2639",2020-10-26,2020,300,0.6
"2640",2020-10-27,2020,301,3
"2641",2020-10-28,2020,302,7.4
"2642",2020-10-29,2020,303,0.2
"2643",2020-10-30,2020,304,0.1
"2644",2020-10-31,2020,305,0
"2645",2020-11-01,2020,306,0
"2646",2020-11-02,2020,307,0
"2647",2020-11-03,2020,308,0
"2648",2020-11-04,2020,309,0
"2649",2020-11-05,2020,310,0
"2650",2020-11-06,2020,311,0
"2651",2020-11-07,2020,312,0
"2652",2020-11-08,2020,313,0
